,Model,accuracy,confusion,execution_time,f1,precision,recall,test_time,train_size
0,LSTM W2V,0.3384929906542056,"[[3.168e+02 1.488e+02 4.960e+01 4.580e+01 9.340e+01 4.100e+01 7.700e+01]
 [7.800e+00 4.540e+01 6.000e-01 6.000e-01 5.400e+00 4.000e-01 7.600e+00]
 [2.322e+02 2.020e+02 4.234e+02 2.384e+02 2.176e+02 1.618e+02 1.498e+02]
 [1.800e+00 2.180e+01 2.020e+01 1.396e+02 2.760e+01 1.480e+01 2.520e+01]
 [4.400e+01 7.700e+01 2.280e+01 5.120e+01 1.180e+02 2.680e+01 6.800e+01]
 [1.480e+01 7.980e+01 2.060e+01 2.140e+01 2.040e+01 1.142e+02 2.220e+01]
 [0.000e+00 2.600e+00 6.000e-01 4.000e-01 1.000e+00 2.000e-01 1.600e+00]]",0.6829497337341308,0.2457652135342779,0.31842398055035365,0.3071428710778136,0.4780130386352539,40
1,LSTM W2V,0.7048463356973995,"[[5.210e+02 5.960e+01 7.400e+00 2.000e-01 4.780e+01 8.000e-01 3.180e+01]
 [6.160e+01 3.826e+02 4.200e+00 1.600e+00 2.680e+01 1.080e+01 4.640e+01]
 [4.800e+00 1.960e+01 4.304e+02 1.900e+01 7.260e+01 4.040e+01 3.340e+01]
 [1.600e+00 5.800e+00 2.200e+01 4.116e+02 3.500e+01 5.800e+00 1.200e+01]
 [9.000e+00 4.060e+01 4.840e+01 4.160e+01 2.246e+02 6.800e+00 9.160e+01]
 [2.800e+00 2.160e+01 1.560e+01 9.800e+00 2.520e+01 2.888e+02 6.400e+00]
 [7.600e+00 4.140e+01 4.400e+00 8.000e+00 4.640e+01 6.000e-01 1.262e+02]]",0.5273823738098145,0.6827442741440445,0.6886987867003942,0.7016788892568709,0.4249077796936035,80
2,LSTM W2V,0.7853468899521532,"[[5.356e+02 3.760e+01 1.460e+01 0.000e+00 4.700e+01 4.000e-01 2.380e+01]
 [3.660e+01 4.242e+02 4.600e+00 6.000e-01 2.700e+01 1.000e+01 4.320e+01]
 [1.800e+00 7.200e+00 4.348e+02 6.200e+00 3.160e+01 6.000e+00 2.400e+01]
 [0.000e+00 2.400e+00 5.600e+00 4.394e+02 1.700e+01 7.000e+00 4.800e+00]
 [9.000e+00 3.760e+01 4.660e+01 2.700e+01 2.860e+02 5.000e+00 6.060e+01]
 [1.200e+00 1.300e+01 1.140e+01 9.200e+00 1.260e+01 3.220e+02 3.200e+00]
 [1.700e+01 4.200e+01 7.000e+00 3.400e+00 5.280e+01 2.000e-01 1.842e+02]]",0.6936398029327393,0.7757488631794291,0.7763212604266501,0.7796138984629728,0.418653678894043,120
3,LSTM W2V,0.8095036319612591,"[[529.6  26.2   8.2   0.   34.8   0.   17.4]
 [ 38.4 424.8   3.8   0.8  20.2   4.8  31. ]
 [  2.    6.2 436.4   6.6  36.8   2.6  25.8]
 [  0.    4.2   3.  435.2  10.2   3.6   2.8]
 [ 10.6  43.6  41.   18.2 301.2   3.2  45. ]
 [  1.6  13.6  13.   16.   12.4 332.4   3. ]
 [ 11.   40.2  12.    3.   52.6   0.  215. ]]",0.8759273529052735,0.8025245737081989,0.8054187119075245,0.8033918217480691,0.41865811347961424,160
4,LSTM W2V,0.8194240196078433,"[[5.304e+02 2.240e+01 9.400e+00 0.000e+00 3.320e+01 2.000e-01 1.800e+01]
 [3.500e+01 4.404e+02 4.400e+00 8.000e-01 2.800e+01 7.000e+00 3.620e+01]
 [1.800e+00 4.000e+00 4.338e+02 3.400e+00 3.000e+01 1.600e+00 2.160e+01]
 [0.000e+00 2.000e+00 3.600e+00 4.312e+02 8.400e+00 4.200e+00 2.000e+00]
 [9.000e+00 4.260e+01 3.540e+01 2.760e+01 3.034e+02 8.600e+00 4.060e+01]
 [1.200e+00 4.000e+00 1.120e+01 6.600e+00 7.000e+00 3.192e+02 1.200e+00]
 [8.600e+00 3.620e+01 1.380e+01 5.200e+00 5.240e+01 1.000e+00 2.162e+02]]",1.2084364891052246,0.8133561274959892,0.8133467038661136,0.8166286959641914,0.40928378105163576,200
5,LSTM W2V,0.8404466501240695,"[[5.326e+02 1.920e+01 8.800e+00 0.000e+00 3.220e+01 0.000e+00 2.000e+01]
 [2.820e+01 4.486e+02 7.200e+00 1.800e+00 2.420e+01 2.800e+00 3.980e+01]
 [1.400e+00 2.400e+00 4.294e+02 4.400e+00 1.840e+01 4.200e+00 2.060e+01]
 [0.000e+00 2.000e+00 4.200e+00 4.346e+02 8.000e+00 3.600e+00 2.400e+00]
 [1.020e+01 3.020e+01 2.640e+01 1.240e+01 3.152e+02 2.200e+00 2.420e+01]
 [1.000e+00 1.200e+00 1.000e+01 8.400e+00 1.000e+01 3.250e+02 2.000e-01]
 [7.800e+00 4.100e+01 1.860e+01 4.800e+00 5.000e+01 0.000e+00 2.242e+02]]",1.3855494022369386,0.8344601428907714,0.8357189238649749,0.8364494412524077,0.40927801132202146,240
6,LSTM W2V,0.8559673366834172,"[[5.426e+02 2.200e+01 6.200e+00 0.000e+00 3.040e+01 0.000e+00 1.620e+01]
 [1.360e+01 4.552e+02 4.000e+00 1.800e+00 2.180e+01 0.000e+00 3.980e+01]
 [1.200e+00 4.800e+00 4.308e+02 3.400e+00 2.280e+01 6.200e+00 2.400e+01]
 [0.000e+00 1.000e+00 3.400e+00 4.408e+02 1.140e+01 4.000e+00 2.200e+00]
 [1.060e+01 3.000e+01 2.780e+01 6.000e+00 3.170e+02 1.800e+00 2.620e+01]
 [4.000e-01 6.000e-01 7.400e+00 6.000e+00 6.400e+00 3.220e+02 1.200e+00]
 [6.000e+00 2.520e+01 1.960e+01 2.200e+00 4.100e+01 0.000e+00 2.170e+02]]",1.5553179264068604,0.8487038008563579,0.8488588045688028,0.8520659201597575,0.3999075412750244,280
7,LSTM W2V,0.871564885496183,"[[5.416e+02 2.080e+01 6.800e+00 0.000e+00 2.940e+01 0.000e+00 1.660e+01]
 [1.020e+01 4.510e+02 3.400e+00 4.000e-01 1.740e+01 8.000e-01 3.280e+01]
 [6.000e-01 4.400e+00 4.332e+02 2.400e+00 2.220e+01 4.800e+00 1.900e+01]
 [0.000e+00 2.000e+00 3.200e+00 4.400e+02 1.100e+01 3.600e+00 1.800e+00]
 [8.000e+00 2.680e+01 2.200e+01 5.800e+00 3.232e+02 2.000e+00 1.780e+01]
 [0.000e+00 6.000e-01 4.800e+00 4.800e+00 5.400e+00 3.172e+02 4.000e-01]
 [6.600e+00 2.780e+01 1.980e+01 6.000e-01 3.700e+01 0.000e+00 2.340e+02]]",1.7198394298553468,0.8659066730572453,0.8664303681173646,0.867154523597183,0.39991054534912107,320
8,LSTM W2V,0.8785438144329897,"[[5.354e+02 1.920e+01 4.200e+00 0.000e+00 2.000e+01 0.000e+00 1.480e+01]
 [9.600e+00 4.454e+02 3.400e+00 1.000e+00 1.640e+01 0.000e+00 2.920e+01]
 [1.400e+00 3.800e+00 4.322e+02 3.400e+00 2.380e+01 5.200e+00 1.980e+01]
 [0.000e+00 0.000e+00 2.000e+00 4.336e+02 5.400e+00 3.200e+00 1.200e+00]
 [7.800e+00 3.200e+01 2.020e+01 6.400e+00 3.328e+02 2.800e+00 1.800e+01]
 [0.000e+00 4.000e-01 3.800e+00 2.600e+00 2.000e+00 3.126e+02 8.000e-01]
 [6.800e+00 2.420e+01 2.220e+01 2.200e+00 3.780e+01 0.000e+00 2.350e+02]]",2.0476558208465576,0.8736407575455329,0.8737217997399395,0.8752739591259427,0.38739519119262694,360
9,LSTM W2V,0.8864882506527415,"[[5.340e+02 1.600e+01 4.000e+00 0.000e+00 1.940e+01 0.000e+00 1.300e+01]
 [5.600e+00 4.490e+02 2.600e+00 1.200e+00 1.760e+01 0.000e+00 3.400e+01]
 [1.600e+00 3.800e+00 4.300e+02 2.800e+00 2.380e+01 4.400e+00 1.760e+01]
 [0.000e+00 2.000e-01 2.000e+00 4.322e+02 6.800e+00 1.800e+00 2.000e+00]
 [6.800e+00 2.600e+01 2.000e+01 4.600e+00 3.292e+02 2.000e-01 1.780e+01]
 [0.000e+00 4.000e-01 3.400e+00 2.200e+00 3.000e+00 3.118e+02 2.000e-01]
 [4.800e+00 2.280e+01 2.080e+01 1.400e+00 3.320e+01 0.000e+00 2.300e+02]]",2.2324273109436037,0.881003657046086,0.8809897869967742,0.8821636259665862,0.37803993225097654,400
10,LSTM W2V,0.8912037037037036,"[[5.280e+02 1.280e+01 3.600e+00 0.000e+00 1.680e+01 0.000e+00 1.280e+01]
 [5.600e+00 4.434e+02 3.200e+00 1.000e+00 1.540e+01 0.000e+00 3.100e+01]
 [1.200e+00 4.600e+00 4.282e+02 2.400e+00 2.140e+01 3.400e+00 1.840e+01]
 [0.000e+00 2.000e-01 1.400e+00 4.222e+02 7.600e+00 1.800e+00 1.400e+00]
 [7.400e+00 3.000e+01 1.880e+01 8.800e+00 3.348e+02 8.000e-01 1.540e+01]
 [0.000e+00 6.000e-01 3.600e+00 1.200e+00 3.000e+00 3.082e+02 2.000e-01]
 [5.800e+00 1.900e+01 1.780e+01 2.600e+00 2.800e+01 0.000e+00 2.302e+02]]",2.400362491607666,0.8863619988580812,0.8861483686761054,0.8873066101962237,0.3811640739440918,440
11,LSTM W2V,0.8982573726541556,"[[5.166e+02 1.240e+01 2.600e+00 0.000e+00 1.480e+01 0.000e+00 1.160e+01]
 [7.000e+00 4.420e+02 2.200e+00 0.000e+00 1.820e+01 0.000e+00 2.620e+01]
 [4.000e-01 6.000e+00 4.252e+02 3.200e+00 2.660e+01 3.200e+00 1.500e+01]
 [0.000e+00 0.000e+00 2.800e+00 4.218e+02 6.800e+00 1.200e+00 6.000e-01]
 [7.800e+00 2.300e+01 1.500e+01 4.000e+00 3.304e+02 6.000e-01 1.280e+01]
 [0.000e+00 1.600e+00 2.600e+00 2.600e+00 2.800e+00 3.040e+02 0.000e+00]
 [8.400e+00 2.000e+01 1.840e+01 1.200e+00 2.200e+01 0.000e+00 2.404e+02]]",2.6208096027374266,0.8945154193541207,0.8949951288584386,0.8947736155558967,0.3842782497406006,480
12,LSTM W2V,0.905774456521739,"[[5.144e+02 7.600e+00 3.000e+00 0.000e+00 1.520e+01 0.000e+00 9.000e+00]
 [6.200e+00 4.462e+02 2.800e+00 0.000e+00 2.120e+01 2.000e-01 2.800e+01]
 [2.000e-01 4.600e+00 4.198e+02 2.600e+00 2.080e+01 1.800e+00 1.500e+01]
 [0.000e+00 0.000e+00 2.000e+00 4.220e+02 7.000e+00 1.000e+00 2.000e-01]
 [8.400e+00 2.240e+01 1.840e+01 1.400e+00 3.300e+02 1.000e+00 1.520e+01]
 [0.000e+00 2.000e-01 3.200e+00 6.000e-01 2.400e+00 3.000e+02 2.000e-01]
 [5.000e+00 1.560e+01 1.500e+01 6.000e-01 1.940e+01 0.000e+00 2.342e+02]]",2.9492194652557373,0.901905368490557,0.9014457788931642,0.9031843128781626,0.3749078750610352,520
13,LSTM W2V,0.9139807162534435,"[[5.116e+02 7.000e+00 4.000e-01 0.000e+00 1.560e+01 0.000e+00 9.000e+00]
 [4.000e+00 4.450e+02 3.600e+00 2.000e-01 2.320e+01 1.000e+00 2.380e+01]
 [1.000e+00 3.600e+00 4.216e+02 1.400e+00 1.920e+01 2.200e+00 1.420e+01]
 [0.000e+00 4.000e-01 2.200e+00 4.154e+02 5.200e+00 1.400e+00 4.000e-01]
 [4.800e+00 2.040e+01 1.380e+01 2.600e+00 3.258e+02 2.000e-01 1.040e+01]
 [0.000e+00 0.000e+00 2.000e+00 6.000e-01 1.800e+00 2.952e+02 0.000e+00]
 [6.000e+00 1.280e+01 1.480e+01 6.000e-01 2.000e+01 0.000e+00 2.396e+02]]",3.0973618984222413,0.9103954748084148,0.9099146828285752,0.9117774848723293,0.3624180793762207,560
14,LSTM W2V,0.9200418994413407,"[[4.958e+02 4.000e+00 1.200e+00 0.000e+00 1.240e+01 2.000e-01 9.600e+00]
 [8.200e+00 4.444e+02 3.400e+00 0.000e+00 2.100e+01 8.000e-01 2.000e+01]
 [1.000e+00 3.000e+00 4.168e+02 2.200e+00 1.260e+01 1.800e+00 1.260e+01]
 [0.000e+00 4.000e-01 1.600e+00 4.104e+02 3.200e+00 1.000e+00 6.000e-01]
 [6.400e+00 1.800e+01 1.620e+01 2.600e+00 3.370e+02 0.000e+00 1.140e+01]
 [0.000e+00 0.000e+00 2.800e+00 0.000e+00 2.400e+00 2.914e+02 0.000e+00]
 [8.000e+00 1.280e+01 1.080e+01 0.000e+00 1.680e+01 0.000e+00 2.392e+02]]",3.285805368423462,0.9173457202109414,0.9169048159311031,0.9184951930708785,0.36242032051086426,600
15,LSTM W2V,0.9257082152974505,"[[4.958e+02 5.200e+00 1.000e+00 0.000e+00 1.360e+01 2.000e-01 8.800e+00]
 [7.200e+00 4.416e+02 3.800e+00 2.000e-01 1.900e+01 0.000e+00 1.740e+01]
 [1.600e+00 2.600e+00 4.132e+02 2.400e+00 1.500e+01 2.200e+00 1.180e+01]
 [0.000e+00 2.000e-01 1.000e+00 4.042e+02 2.200e+00 1.000e+00 4.000e-01]
 [5.000e+00 1.380e+01 1.600e+01 2.600e+00 3.344e+02 2.000e-01 1.200e+01]
 [0.000e+00 0.000e+00 2.200e+00 0.000e+00 1.800e+00 2.862e+02 0.000e+00]
 [4.000e+00 1.260e+01 9.800e+00 0.000e+00 1.300e+01 0.000e+00 2.388e+02]]",3.4451270580291746,0.923320657754353,0.9223142447519994,0.9248425269884383,0.3592854022979736,640
16,LSTM W2V,0.925,"[[4.944e+02 6.400e+00 1.600e+00 0.000e+00 1.340e+01 0.000e+00 1.080e+01]
 [2.400e+00 4.360e+02 2.800e+00 0.000e+00 1.980e+01 0.000e+00 2.220e+01]
 [8.000e-01 1.600e+00 4.106e+02 3.000e+00 1.020e+01 1.400e+00 1.200e+01]
 [0.000e+00 2.000e-01 2.400e+00 3.936e+02 5.800e+00 1.600e+00 6.000e-01]
 [4.800e+00 1.500e+01 9.800e+00 7.200e+00 3.308e+02 2.000e-01 1.300e+01]
 [4.000e-01 6.000e-01 4.200e+00 0.000e+00 2.200e+00 2.836e+02 0.000e+00]
 [3.200e+00 1.000e+01 8.800e+00 0.000e+00 1.040e+01 0.000e+00 2.262e+02]]",3.782042407989502,0.9213595913861455,0.9197763988847237,0.9239957020457711,0.3436695098876953,680
17,LSTM W2V,0.9319970845481048,"[[481.2   4.8   1.6   0.   11.2   0.    9.6]
 [  2.6 432.2   2.8   0.   19.4   0.   19. ]
 [  1.    1.  406.6   2.2   9.    0.8  11.6]
 [  0.    0.    1.4 393.8   3.4   1.    0. ]
 [  8.2  14.4  12.8   1.6 333.6   0.   12.2]
 [  0.    0.    3.    0.    0.  281.2   0. ]
 [  4.6   9.6   8.    0.    9.8   0.  228.8]]",3.9718316078186033,0.9294222234299125,0.9280325388424527,0.931585478570329,0.3561727046966553,720
18,LSTM W2V,0.9354289940828403,"[[4.754e+02 7.800e+00 1.400e+00 0.000e+00 1.220e+01 0.000e+00 8.400e+00]
 [2.400e+00 4.276e+02 3.800e+00 0.000e+00 1.700e+01 0.000e+00 1.520e+01]
 [8.000e-01 2.200e+00 4.012e+02 1.400e+00 1.040e+01 1.000e+00 1.140e+01]
 [0.000e+00 0.000e+00 1.200e+00 3.898e+02 3.200e+00 1.000e+00 4.000e-01]
 [7.600e+00 1.240e+01 1.000e+01 1.600e+00 3.274e+02 0.000e+00 1.100e+01]
 [0.000e+00 0.000e+00 2.600e+00 6.000e-01 8.000e-01 2.770e+02 0.000e+00]
 [3.000e+00 6.000e+00 7.400e+00 0.000e+00 1.040e+01 0.000e+00 2.310e+02]]",4.1844087600708,0.9332948865284596,0.9318338991092527,0.9354612884939352,0.3530426502227783,760
19,LSTM W2V,0.9392642642642641,"[[469.8   4.6   1.4   0.   10.8   0.    8. ]
 [  2.6 423.2   2.4   0.   19.    0.   14.8]
 [  0.8   1.8 396.6   4.    5.    1.4  11.8]
 [  0.    0.    1.8 382.    2.8   1.    0. ]
 [  4.   10.8  11.2   1.8 327.6   0.6   8.4]
 [  0.    0.    1.8   0.    0.8 272.    0. ]
 [  4.6   7.6   5.4   0.   10.8   0.  231. ]]",4.299594688415527,0.9370983821699556,0.935607246735065,0.9390725698071899,0.33116703033447265,800
20,LSTM W2V,0.939939024390244,"[[4.618e+02 4.200e+00 1.400e+00 0.000e+00 1.020e+01 2.000e-01 7.600e+00]
 [3.800e+00 4.188e+02 2.600e+00 0.000e+00 1.560e+01 0.000e+00 1.540e+01]
 [6.000e-01 1.800e+00 3.902e+02 3.200e+00 6.400e+00 1.800e+00 1.220e+01]
 [0.000e+00 0.000e+00 1.000e+00 3.758e+02 2.200e+00 1.000e+00 2.000e-01]
 [4.400e+00 1.040e+01 1.380e+01 1.800e+00 3.246e+02 0.000e+00 8.400e+00]
 [0.000e+00 0.000e+00 1.200e+00 4.000e-01 8.000e-01 2.686e+02 0.000e+00]
 [2.600e+00 6.600e+00 5.600e+00 2.000e-01 1.000e+01 0.000e+00 2.266e+02]]",4.656624889373779,0.9378054376530907,0.9360539887005638,0.9401411260949681,0.3342931270599365,840
21,LSTM W2V,0.9431888544891642,"[[4.562e+02 3.600e+00 1.800e+00 0.000e+00 1.240e+01 0.000e+00 6.600e+00]
 [4.000e+00 4.118e+02 2.600e+00 2.000e-01 1.080e+01 0.000e+00 1.220e+01]
 [6.000e-01 1.800e+00 3.826e+02 2.800e+00 4.000e+00 1.000e+00 1.220e+01]
 [0.000e+00 0.000e+00 1.800e+00 3.712e+02 2.200e+00 1.000e+00 4.000e-01]
 [3.600e+00 9.000e+00 1.160e+01 2.000e+00 3.230e+02 0.000e+00 7.000e+00]
 [0.000e+00 0.000e+00 1.200e+00 4.000e-01 2.200e+00 2.648e+02 0.000e+00]
 [1.800e+00 9.600e+00 6.200e+00 0.000e+00 1.020e+01 0.000e+00 2.276e+02]]",4.819193029403687,0.9410786080208459,0.9401413248978239,0.9423611458079423,0.32179646492004393,880
22,LSTM W2V,0.9469339622641509,"[[4.456e+02 2.800e+00 1.600e+00 0.000e+00 1.000e+01 0.000e+00 7.400e+00]
 [5.800e+00 4.088e+02 2.400e+00 0.000e+00 1.020e+01 0.000e+00 1.320e+01]
 [6.000e-01 1.600e+00 3.800e+02 1.200e+00 6.400e+00 1.000e+00 1.140e+01]
 [0.000e+00 0.000e+00 1.600e+00 3.694e+02 8.000e-01 1.400e+00 4.000e-01]
 [2.200e+00 9.200e+00 8.800e+00 1.200e+00 3.216e+02 4.000e-01 5.400e+00]
 [0.000e+00 0.000e+00 1.400e+00 0.000e+00 1.400e+00 2.592e+02 0.000e+00]
 [2.800e+00 7.000e+00 5.400e+00 0.000e+00 1.000e+01 0.000e+00 2.244e+02]]",4.985860872268677,0.9448780887018199,0.9436064054106014,0.9464929016746151,0.3280449390411377,920
23,LSTM W2V,0.9505591054313098,"[[4.422e+02 3.600e+00 1.400e+00 0.000e+00 1.060e+01 0.000e+00 8.000e+00]
 [3.400e+00 4.022e+02 3.000e+00 2.000e-01 1.120e+01 0.000e+00 1.320e+01]
 [1.000e+00 6.000e-01 3.742e+02 1.000e+00 4.400e+00 1.000e+00 7.800e+00]
 [0.000e+00 0.000e+00 1.400e+00 3.632e+02 1.000e+00 1.000e+00 4.000e-01]
 [1.200e+00 9.200e+00 9.400e+00 1.600e+00 3.192e+02 0.000e+00 4.600e+00]
 [0.000e+00 0.000e+00 1.600e+00 0.000e+00 1.800e+00 2.554e+02 0.000e+00]
 [1.600e+00 5.000e+00 5.400e+00 2.000e-01 8.000e+00 0.000e+00 2.238e+02]]",5.243529224395752,0.9489081612873992,0.947489727290726,0.9508536844116009,0.3342904090881348,960
24,LSTM W2V,0.9539772727272726,"[[4.360e+02 3.800e+00 1.400e+00 0.000e+00 6.600e+00 0.000e+00 6.600e+00]
 [3.600e+00 3.948e+02 2.600e+00 0.000e+00 1.040e+01 0.000e+00 9.000e+00]
 [1.400e+00 1.200e+00 3.678e+02 1.000e+00 4.600e+00 4.000e-01 6.800e+00]
 [0.000e+00 0.000e+00 1.200e+00 3.580e+02 1.800e+00 1.000e+00 0.000e+00]
 [1.000e+00 7.800e+00 1.000e+01 1.000e+00 3.176e+02 0.000e+00 6.400e+00]
 [0.000e+00 0.000e+00 1.200e+00 0.000e+00 1.600e+00 2.522e+02 0.000e+00]
 [8.000e-01 7.200e+00 6.200e+00 0.000e+00 6.800e+00 0.000e+00 2.242e+02]]",5.511723232269287,0.9525665474226575,0.9518089542986429,0.9535502869694534,0.30617775917053225,1000
25,LSTM W2V,0.9566831683168318,"[[431.    4.6   1.6   0.    8.8   0.    7. ]
 [  2.  388.2   2.6   0.    8.4   0.    7.8]
 [  0.6   0.8 366.2   1.    3.4   0.6   7. ]
 [  0.    0.    1.6 351.2   2.8   1.    0. ]
 [  0.6   9.8   9.    2.2 310.6   0.    2.6]
 [  0.    0.    2.    1.2   1.4 247.4   0. ]
 [  0.8   5.2   2.2   0.    6.4   0.  224.4]]",5.682850551605225,0.9556975796218314,0.9547742827344191,0.9570189017551668,0.3030580997467041,1040
26,LSTM W2V,0.9591442953020135,"[[423.    3.2   1.4   0.    7.    0.    5.2]
 [  2.4 384.6   2.8   0.   10.2   0.    7.6]
 [  0.6   0.6 361.2   1.    4.2   1.    7. ]
 [  0.    0.    1.4 346.6   2.8   1.    0. ]
 [  0.8   7.8   8.8   1.8 304.2   0.    1.4]
 [  0.    0.    1.2   0.    1.4 244.4   0. ]
 [  0.8   5.8   1.6   0.    6.6   0.  222.6]]",5.846656465530396,0.9582799006542297,0.9573772602286619,0.9595086052006524,0.3030537605285645,1080
27,LSTM W2V,0.9584470989761092,"[[4.166e+02 5.000e+00 1.400e+00 0.000e+00 7.600e+00 0.000e+00 7.000e+00]
 [1.200e+00 3.792e+02 2.600e+00 0.000e+00 8.000e+00 0.000e+00 7.200e+00]
 [6.000e-01 0.000e+00 3.500e+02 1.000e+00 4.600e+00 1.000e+00 7.000e+00]
 [0.000e+00 4.000e-01 2.000e+00 3.398e+02 1.000e+00 1.000e+00 0.000e+00]
 [1.600e+00 7.800e+00 1.020e+01 1.200e+00 3.028e+02 0.000e+00 2.000e+00]
 [0.000e+00 0.000e+00 1.600e+00 0.000e+00 1.000e+00 2.408e+02 0.000e+00]
 [4.000e-01 3.400e+00 3.400e+00 0.000e+00 6.200e+00 0.000e+00 2.174e+02]]",6.067337322235107,0.9576161295739467,0.9564214323980048,0.9592448795905086,0.30618772506713865,1120
28,LSTM W2V,0.960763888888889,"[[405.6   4.2   1.2   0.    5.4   0.    4.6]
 [  1.4 373.6   3.4   0.    8.    0.    7.4]
 [  0.8   0.6 347.    1.    4.2   1.    4.8]
 [  0.    0.8   1.  332.8   1.2   1.4   0. ]
 [  1.2   7.6   8.8   1.8 300.8   0.    1.6]
 [  0.    0.    1.    0.8   0.6 236.8   0. ]
 [  3.    2.6   3.6   0.    5.4   0.  217. ]]",6.3605814456939695,0.9601400979099587,0.959548930255899,0.9610015059131131,0.28743782043457033,1160
29,LSTM W2V,0.9645759717314487,"[[4.000e+02 4.400e+00 1.400e+00 0.000e+00 4.800e+00 0.000e+00 3.600e+00]
 [1.000e+00 3.690e+02 3.200e+00 0.000e+00 8.000e+00 0.000e+00 6.000e+00]
 [6.000e-01 2.000e-01 3.410e+02 1.000e+00 3.400e+00 4.000e-01 4.800e+00]
 [0.000e+00 1.000e+00 1.000e+00 3.272e+02 1.000e+00 1.400e+00 4.000e-01]
 [2.000e-01 6.800e+00 7.000e+00 8.000e-01 2.988e+02 0.000e+00 3.000e+00]
 [0.000e+00 0.000e+00 2.200e+00 6.000e-01 2.000e-01 2.328e+02 0.000e+00]
 [2.000e+00 2.800e+00 2.800e+00 0.000e+00 4.200e+00 0.000e+00 2.150e+02]]",6.52646279335022,0.9639513419164485,0.9632848618320669,0.9648975617331352,0.2874271869659424,1200
30,LSTM W2V,0.9678057553956834,"[[392.6   4.2   1.    0.    5.6   0.    3. ]
 [  0.8 365.2   3.2   0.    6.6   0.6   6.6]
 [  0.6   0.  338.6   1.4   2.6   0.8   4.4]
 [  0.    0.4   1.  321.2   1.    1.    0. ]
 [  0.4   4.4   4.4   1.2 295.4   0.    3. ]
 [  0.    0.    1.    0.4   0.  227.4   0. ]
 [  2.    3.2   2.2   0.    4.6   0.  212. ]]",6.717240715026856,0.9671346193519682,0.9661820503776626,0.9683129734389155,0.2843071937561035,1240
31,LSTM W2V,0.9714285714285713,"[[3.852e+02 4.200e+00 8.000e-01 0.000e+00 4.600e+00 0.000e+00 3.000e+00]
 [4.000e-01 3.616e+02 3.200e+00 0.000e+00 4.800e+00 1.000e+00 6.400e+00]
 [6.000e-01 0.000e+00 3.316e+02 1.000e+00 2.400e+00 1.000e+00 4.000e+00]
 [0.000e+00 0.000e+00 1.000e+00 3.164e+02 1.200e+00 1.000e+00 0.000e+00]
 [2.000e-01 4.000e+00 5.600e+00 6.000e-01 2.938e+02 0.000e+00 1.200e+00]
 [0.000e+00 0.000e+00 8.000e-01 6.000e-01 0.000e+00 2.216e+02 0.000e+00]
 [1.400e+00 2.200e+00 1.800e+00 0.000e+00 3.400e+00 0.000e+00 2.114e+02]]",6.886898708343506,0.9709711136420782,0.9698796518153083,0.9722497673949169,0.28119540214538574,1280
32,LSTM W2V,0.9730410447761194,"[[3.782e+02 4.000e+00 1.400e+00 0.000e+00 4.600e+00 0.000e+00 3.000e+00]
 [1.200e+00 3.552e+02 3.200e+00 0.000e+00 3.800e+00 8.000e-01 8.600e+00]
 [6.000e-01 0.000e+00 3.284e+02 1.000e+00 2.400e+00 2.000e-01 4.000e+00]
 [0.000e+00 0.000e+00 1.000e+00 3.098e+02 1.000e+00 1.000e+00 0.000e+00]
 [0.000e+00 4.600e+00 3.800e+00 0.000e+00 2.902e+02 0.000e+00 2.000e-01]
 [0.000e+00 0.000e+00 8.000e-01 0.000e+00 0.000e+00 2.192e+02 0.000e+00]
 [0.000e+00 2.000e+00 1.400e+00 0.000e+00 3.200e+00 0.000e+00 2.052e+02]]",7.260373592376709,0.9728218746237761,0.9713326827137122,0.9745828186477153,0.26556878089904784,1320
33,LSTM W2V,0.974809885931559,"[[3.706e+02 3.400e+00 1.000e+00 0.000e+00 4.600e+00 0.000e+00 2.800e+00]
 [1.800e+00 3.490e+02 3.000e+00 0.000e+00 4.000e+00 8.000e-01 6.400e+00]
 [6.000e-01 0.000e+00 3.244e+02 1.400e+00 2.000e+00 1.000e+00 4.000e+00]
 [0.000e+00 0.000e+00 8.000e-01 3.038e+02 1.400e+00 1.000e+00 0.000e+00]
 [0.000e+00 3.400e+00 3.800e+00 0.000e+00 2.858e+02 0.000e+00 0.000e+00]
 [0.000e+00 0.000e+00 8.000e-01 0.000e+00 0.000e+00 2.134e+02 0.000e+00]
 [0.000e+00 2.200e+00 2.000e-01 0.000e+00 2.600e+00 0.000e+00 2.040e+02]]",7.414316987991333,0.974741478533684,0.9732240071024268,0.9764888802770411,0.2749262809753418,1360
34,LSTM W2V,0.9752906976744187,"[[3.598e+02 2.200e+00 1.200e+00 0.000e+00 4.400e+00 0.000e+00 2.800e+00]
 [2.200e+00 3.456e+02 3.200e+00 0.000e+00 2.600e+00 0.000e+00 7.600e+00]
 [6.000e-01 0.000e+00 3.188e+02 1.000e+00 2.800e+00 1.000e+00 3.000e+00]
 [0.000e+00 2.000e-01 6.000e-01 2.964e+02 2.200e+00 8.000e-01 0.000e+00]
 [0.000e+00 3.000e+00 2.000e+00 0.000e+00 2.812e+02 0.000e+00 0.000e+00]
 [0.000e+00 0.000e+00 8.000e-01 0.000e+00 0.000e+00 2.108e+02 0.000e+00]
 [1.000e+00 2.600e+00 1.200e+00 0.000e+00 2.000e+00 0.000e+00 2.004e+02]]",7.5294829368591305,0.9751193658578463,0.9739091160164298,0.9765429864157154,0.2624366760253906,1400
35,LSTM W2V,0.9763833992094861,"[[3.526e+02 2.600e+00 1.200e+00 0.000e+00 4.000e+00 0.000e+00 2.800e+00]
 [2.400e+00 3.386e+02 2.800e+00 2.000e-01 1.400e+00 2.000e-01 7.400e+00]
 [6.000e-01 0.000e+00 3.136e+02 1.000e+00 2.400e+00 1.000e+00 3.000e+00]
 [0.000e+00 0.000e+00 0.000e+00 2.902e+02 8.000e-01 8.000e-01 0.000e+00]
 [6.000e-01 3.400e+00 2.200e+00 0.000e+00 2.778e+02 0.000e+00 2.000e-01]
 [0.000e+00 0.000e+00 8.000e-01 0.000e+00 0.000e+00 2.076e+02 0.000e+00]
 [0.000e+00 1.600e+00 1.000e+00 0.000e+00 3.400e+00 0.000e+00 1.958e+02]]",7.685690975189209,0.9761418885732333,0.9748303406692138,0.977650890887305,0.2561997890472412,1440
36,LSTM W2V,0.9756048387096774,"[[345.6   2.8   1.4   0.    3.8   0.    2.8]
 [  2.2 332.    2.6   0.    2.6   0.    6. ]
 [  0.4   0.  307.6   1.8   2.4   1.    3. ]
 [  0.    0.    0.  280.6   1.    0.8   0. ]
 [  0.6   2.4   3.2   1.2 272.4   0.    0. ]
 [  0.    0.    0.8   0.    0.  203.    0. ]
 [  0.    2.    1.4   0.    2.2   0.  194.4]]",8.098106098175048,0.9756560860002791,0.9744702071158178,0.9770030605330687,0.25306005477905275,1480
37,LSTM W2V,0.9781893004115225,"[[3.408e+02 2.600e+00 1.600e+00 0.000e+00 3.800e+00 0.000e+00 2.800e+00]
 [6.000e-01 3.258e+02 2.000e+00 0.000e+00 3.000e+00 0.000e+00 5.200e+00]
 [0.000e+00 0.000e+00 3.022e+02 2.000e+00 2.400e+00 1.000e+00 2.800e+00]
 [0.000e+00 0.000e+00 0.000e+00 2.770e+02 1.000e+00 8.000e-01 0.000e+00]
 [6.000e-01 2.000e+00 2.000e+00 0.000e+00 2.674e+02 0.000e+00 4.000e-01]
 [0.000e+00 0.000e+00 8.000e-01 0.000e+00 2.000e-01 1.986e+02 0.000e+00]
 [2.000e-01 1.800e+00 1.200e+00 0.000e+00 1.600e+00 0.000e+00 1.898e+02]]",8.194944715499878,0.9779935450175292,0.976729828216812,0.979469159163755,0.24370808601379396,1520
38,LSTM W2V,0.9778361344537814,"[[3.342e+02 2.400e+00 1.400e+00 0.000e+00 4.000e+00 0.000e+00 3.200e+00]
 [1.200e+00 3.178e+02 2.000e+00 0.000e+00 2.400e+00 0.000e+00 4.400e+00]
 [2.000e-01 0.000e+00 2.968e+02 2.000e+00 2.000e+00 1.000e+00 2.000e+00]
 [0.000e+00 0.000e+00 0.000e+00 2.706e+02 1.000e+00 8.000e-01 0.000e+00]
 [4.000e-01 2.400e+00 1.800e+00 0.000e+00 2.608e+02 0.000e+00 1.200e+00]
 [0.000e+00 0.000e+00 1.000e+00 0.000e+00 0.000e+00 1.958e+02 0.000e+00]
 [4.000e-01 1.400e+00 1.200e+00 0.000e+00 2.400e+00 0.000e+00 1.858e+02]]",8.385531044006347,0.9775852176293782,0.9764451117341431,0.9788954711844179,0.2374439239501953,1560
39,LSTM W2V,0.9796137339055795,"[[3.284e+02 1.800e+00 1.600e+00 0.000e+00 3.800e+00 0.000e+00 3.600e+00]
 [8.000e-01 3.134e+02 2.000e+00 0.000e+00 2.000e+00 0.000e+00 4.000e+00]
 [0.000e+00 0.000e+00 2.918e+02 2.000e+00 2.000e+00 1.000e+00 1.600e+00]
 [0.000e+00 0.000e+00 0.000e+00 2.644e+02 1.000e+00 8.000e-01 0.000e+00]
 [4.000e-01 2.000e+00 1.000e+00 0.000e+00 2.548e+02 0.000e+00 6.000e-01]
 [0.000e+00 0.000e+00 8.000e-01 0.000e+00 0.000e+00 1.914e+02 0.000e+00]
 [2.000e-01 1.200e+00 1.000e+00 0.000e+00 2.800e+00 0.000e+00 1.818e+02]]",8.61046895980835,0.9792986588035337,0.9781420262522709,0.980639618454379,0.23430848121643066,1600
40,LSTM W2V,0.9765350877192983,"[[3.228e+02 1.400e+00 2.000e+00 0.000e+00 4.000e+00 0.000e+00 3.800e+00]
 [8.000e-01 3.066e+02 2.600e+00 0.000e+00 2.600e+00 0.000e+00 3.400e+00]
 [0.000e+00 0.000e+00 2.842e+02 1.600e+00 2.400e+00 1.000e+00 1.000e+00]
 [0.000e+00 0.000e+00 0.000e+00 2.578e+02 8.000e-01 8.000e-01 0.000e+00]
 [2.000e-01 3.400e+00 1.000e+00 1.000e+00 2.452e+02 0.000e+00 1.400e+00]
 [0.000e+00 0.000e+00 1.000e+00 0.000e+00 6.000e-01 1.866e+02 0.000e+00]
 [0.000e+00 1.200e+00 1.400e+00 0.000e+00 3.400e+00 0.000e+00 1.780e+02]]",8.922903347015382,0.9761541589819526,0.9751982902831621,0.9772882179167292,0.21869840621948242,1640
41,LSTM W2V,0.9815022421524665,"[[3.156e+02 1.600e+00 1.200e+00 0.000e+00 3.600e+00 0.000e+00 2.400e+00]
 [8.000e-01 3.012e+02 3.200e+00 0.000e+00 1.600e+00 0.000e+00 3.000e+00]
 [2.000e-01 0.000e+00 2.794e+02 1.200e+00 1.400e+00 1.400e+00 1.400e+00]
 [0.000e+00 0.000e+00 0.000e+00 2.520e+02 0.000e+00 8.000e-01 0.000e+00]
 [2.000e-01 1.200e+00 8.000e-01 0.000e+00 2.446e+02 0.000e+00 6.000e-01]
 [0.000e+00 0.000e+00 8.000e-01 0.000e+00 0.000e+00 1.814e+02 0.000e+00]
 [4.000e-01 1.000e+00 1.000e+00 0.000e+00 3.200e+00 0.000e+00 1.768e+02]]",9.091607189178466,0.9812477845896981,0.9803548711004618,0.9822775745111553,0.21869263648986817,1680
42,LSTM W2V,0.9826834862385321,"[[3.088e+02 1.400e+00 1.400e+00 0.000e+00 3.600e+00 0.000e+00 2.400e+00]
 [1.200e+00 2.964e+02 2.400e+00 0.000e+00 1.400e+00 0.000e+00 3.000e+00]
 [0.000e+00 0.000e+00 2.738e+02 0.000e+00 2.200e+00 1.200e+00 2.000e+00]
 [0.000e+00 0.000e+00 0.000e+00 2.478e+02 4.000e-01 8.000e-01 0.000e+00]
 [2.000e-01 0.000e+00 6.000e-01 0.000e+00 2.378e+02 0.000e+00 2.000e-01]
 [0.000e+00 0.000e+00 8.000e-01 0.000e+00 0.000e+00 1.788e+02 0.000e+00]
 [2.000e-01 1.200e+00 1.000e+00 0.000e+00 2.600e+00 0.000e+00 1.704e+02]]",9.285315799713135,0.9823083327296847,0.9812821114318633,0.9835322798277361,0.22181940078735352,1720
43,LSTM W2V,0.9828638497652582,"[[3.018e+02 1.400e+00 1.600e+00 0.000e+00 3.200e+00 0.000e+00 2.200e+00]
 [1.200e+00 2.892e+02 1.400e+00 4.000e-01 6.000e-01 0.000e+00 3.000e+00]
 [0.000e+00 0.000e+00 2.678e+02 4.000e-01 3.400e+00 1.000e+00 1.000e+00]
 [0.000e+00 2.000e-01 0.000e+00 2.418e+02 0.000e+00 8.000e-01 0.000e+00]
 [4.000e-01 0.000e+00 2.000e-01 0.000e+00 2.324e+02 0.000e+00 0.000e+00]
 [0.000e+00 0.000e+00 1.400e+00 0.000e+00 0.000e+00 1.750e+02 0.000e+00]
 [0.000e+00 1.200e+00 1.000e+00 0.000e+00 3.200e+00 0.000e+00 1.668e+02]]",9.419658613204955,0.9824779453869189,0.9818222492823196,0.983328267908689,0.21245179176330567,1760
44,LSTM W2V,0.9836538461538462,"[[2.954e+02 1.200e+00 1.600e+00 0.000e+00 2.800e+00 2.000e-01 1.200e+00]
 [1.200e+00 2.818e+02 1.400e+00 0.000e+00 0.000e+00 0.000e+00 3.200e+00]
 [0.000e+00 0.000e+00 2.618e+02 0.000e+00 4.200e+00 1.000e+00 2.000e-01]
 [0.000e+00 0.000e+00 0.000e+00 2.372e+02 4.000e-01 8.000e-01 0.000e+00]
 [4.000e-01 0.000e+00 8.000e-01 0.000e+00 2.266e+02 0.000e+00 2.000e-01]
 [0.000e+00 2.000e-01 8.000e-01 0.000e+00 4.000e-01 1.702e+02 0.000e+00]
 [0.000e+00 1.200e+00 1.000e+00 0.000e+00 2.800e+00 0.000e+00 1.638e+02]]",9.778944206237792,0.9832822274476435,0.9827986835503963,0.9839368871260389,0.20620346069335938,1800
45,LSTM W2V,0.9854679802955666,"[[2.890e+02 6.000e-01 1.400e+00 0.000e+00 3.000e+00 0.000e+00 1.400e+00]
 [1.200e+00 2.748e+02 1.400e+00 0.000e+00 0.000e+00 0.000e+00 3.000e+00]
 [2.000e-01 0.000e+00 2.548e+02 0.000e+00 2.000e+00 1.000e+00 0.000e+00]
 [0.000e+00 0.000e+00 0.000e+00 2.314e+02 0.000e+00 8.000e-01 0.000e+00]
 [4.000e-01 2.000e-01 6.000e-01 0.000e+00 2.234e+02 0.000e+00 0.000e+00]
 [0.000e+00 0.000e+00 6.000e-01 0.000e+00 0.000e+00 1.672e+02 0.000e+00]
 [4.000e-01 1.600e+00 1.000e+00 0.000e+00 2.800e+00 0.000e+00 1.598e+02]]",9.90704083442688,0.9850836810483093,0.984752360354117,0.9855293115757767,0.19994750022888183,1840
46,LSTM W2V,0.9830808080808081,"[[280.6   0.6   1.6   0.    2.8   0.    1. ]
 [  1.2 265.    1.2   0.    0.6   0.    3.4]
 [  0.    0.  248.2   0.    2.8   1.8   0. ]
 [  0.    0.    0.  226.2   0.    0.8   0. ]
 [  1.    0.8   0.8   0.  219.2   0.    0. ]
 [  0.    0.    0.6   0.    0.  161.6   0. ]
 [  0.4   3.2   1.    0.    1.2   0.  156.4]]",10.100752353668213,0.9827977217664519,0.982468960556757,0.9832236552217479,0.19681968688964843,1880
47,LSTM W2V,0.9860103626943004,"[[2.736e+02 4.000e-01 1.400e+00 0.000e+00 2.600e+00 0.000e+00 1.000e+00]
 [1.200e+00 2.592e+02 1.400e+00 0.000e+00 0.000e+00 0.000e+00 3.000e+00]
 [2.000e-01 0.000e+00 2.430e+02 0.000e+00 2.600e+00 1.200e+00 0.000e+00]
 [0.000e+00 0.000e+00 0.000e+00 2.214e+02 0.000e+00 8.000e-01 0.000e+00]
 [4.000e-01 0.000e+00 6.000e-01 0.000e+00 2.128e+02 0.000e+00 0.000e+00]
 [0.000e+00 0.000e+00 6.000e-01 0.000e+00 0.000e+00 1.588e+02 0.000e+00]
 [0.000e+00 2.000e+00 1.000e+00 0.000e+00 1.200e+00 0.000e+00 1.536e+02]]",10.281960725784302,0.9857864207331779,0.9852967066083436,0.9863688866308493,0.19370646476745607,1920
48,LSTM W2V,0.9857712765957446,"[[2.664e+02 4.000e-01 1.400e+00 0.000e+00 2.400e+00 0.000e+00 1.200e+00]
 [1.400e+00 2.524e+02 1.000e+00 0.000e+00 0.000e+00 0.000e+00 2.600e+00]
 [0.000e+00 0.000e+00 2.374e+02 0.000e+00 2.400e+00 8.000e-01 0.000e+00]
 [0.000e+00 0.000e+00 0.000e+00 2.148e+02 0.000e+00 8.000e-01 0.000e+00]
 [2.000e-01 8.000e-01 8.000e-01 0.000e+00 2.078e+02 4.000e-01 0.000e+00]
 [0.000e+00 0.000e+00 4.000e-01 0.000e+00 0.000e+00 1.540e+02 0.000e+00]
 [0.000e+00 2.000e+00 1.000e+00 0.000e+00 1.400e+00 0.000e+00 1.498e+02]]",10.600625801086426,0.9855477745192008,0.9851145649387687,0.9860691645832402,0.1843266010284424,1960
49,LSTM W2V,0.9877049180327869,"[[2.570e+02 4.000e-01 2.000e+00 0.000e+00 1.800e+00 0.000e+00 1.000e+00]
 [1.200e+00 2.482e+02 1.000e+00 0.000e+00 0.000e+00 0.000e+00 2.400e+00]
 [0.000e+00 0.000e+00 2.304e+02 0.000e+00 1.600e+00 2.000e-01 0.000e+00]
 [0.000e+00 0.000e+00 0.000e+00 2.102e+02 0.000e+00 8.000e-01 0.000e+00]
 [4.000e-01 0.000e+00 0.000e+00 0.000e+00 2.032e+02 0.000e+00 0.000e+00]
 [0.000e+00 0.000e+00 6.000e-01 0.000e+00 0.000e+00 1.518e+02 0.000e+00]
 [0.000e+00 2.000e+00 1.000e+00 0.000e+00 1.600e+00 0.000e+00 1.452e+02]]",10.831823444366455,0.9874554563509971,0.9873074060704884,0.9876920552342021,0.18746013641357423,2000
50,LSTM W2V,0.9872191011235956,"[[2.480e+02 6.000e-01 1.400e+00 0.000e+00 2.200e+00 0.000e+00 1.000e+00]
 [1.200e+00 2.434e+02 8.000e-01 0.000e+00 2.000e-01 2.000e-01 2.200e+00]
 [0.000e+00 0.000e+00 2.246e+02 0.000e+00 1.400e+00 2.000e-01 2.000e-01]
 [0.000e+00 0.000e+00 0.000e+00 2.038e+02 0.000e+00 8.000e-01 0.000e+00]
 [6.000e-01 0.000e+00 2.000e-01 0.000e+00 1.978e+02 0.000e+00 0.000e+00]
 [0.000e+00 0.000e+00 6.000e-01 0.000e+00 0.000e+00 1.480e+02 0.000e+00]
 [2.000e-01 1.800e+00 6.000e-01 0.000e+00 1.800e+00 0.000e+00 1.402e+02]]",10.928677797317505,0.9869455044952156,0.986757974423295,0.987235305852395,0.17807445526123047,2040
51,LSTM W2V,0.9878612716763007,"[[2.434e+02 8.000e-01 1.400e+00 0.000e+00 1.600e+00 0.000e+00 1.200e+00]
 [1.200e+00 2.380e+02 8.000e-01 0.000e+00 0.000e+00 0.000e+00 2.000e+00]
 [0.000e+00 0.000e+00 2.176e+02 0.000e+00 1.400e+00 2.000e-01 4.000e-01]
 [0.000e+00 0.000e+00 0.000e+00 1.978e+02 4.000e-01 8.000e-01 0.000e+00]
 [4.000e-01 0.000e+00 0.000e+00 0.000e+00 1.904e+02 0.000e+00 0.000e+00]
 [0.000e+00 0.000e+00 6.000e-01 0.000e+00 0.000e+00 1.442e+02 0.000e+00]
 [0.000e+00 1.600e+00 4.000e-01 0.000e+00 1.600e+00 0.000e+00 1.358e+02]]",11.178618335723877,0.9875928690314772,0.9872551133738062,0.9880231871593846,0.1718355178833008,2080
52,LSTM W2V,0.9885416666666667,"[[2.378e+02 1.000e+00 6.000e-01 0.000e+00 1.600e+00 0.000e+00 1.000e+00]
 [1.200e+00 2.294e+02 8.000e-01 0.000e+00 0.000e+00 0.000e+00 2.000e+00]
 [0.000e+00 0.000e+00 2.116e+02 0.000e+00 4.000e-01 4.000e-01 0.000e+00]
 [0.000e+00 0.000e+00 0.000e+00 1.914e+02 0.000e+00 8.000e-01 0.000e+00]
 [4.000e-01 2.000e-01 0.000e+00 0.000e+00 1.858e+02 0.000e+00 2.000e-01]
 [0.000e+00 0.000e+00 4.000e-01 0.000e+00 0.000e+00 1.400e+02 0.000e+00]
 [2.000e-01 1.400e+00 6.000e-01 0.000e+00 2.200e+00 0.000e+00 1.326e+02]]",11.45980076789856,0.9881153785506077,0.9879757437096917,0.9883278325148208,0.1655801773071289,2120
53,LSTM W2V,0.9904907975460121,"[[2.326e+02 8.000e-01 4.000e-01 0.000e+00 1.600e+00 0.000e+00 1.000e+00]
 [8.000e-01 2.244e+02 8.000e-01 0.000e+00 0.000e+00 0.000e+00 2.000e+00]
 [0.000e+00 0.000e+00 2.062e+02 0.000e+00 2.000e-01 4.000e-01 0.000e+00]
 [0.000e+00 0.000e+00 0.000e+00 1.866e+02 0.000e+00 8.000e-01 0.000e+00]
 [4.000e-01 2.000e-01 0.000e+00 0.000e+00 1.788e+02 0.000e+00 0.000e+00]
 [0.000e+00 0.000e+00 4.000e-01 0.000e+00 0.000e+00 1.358e+02 0.000e+00]
 [0.000e+00 6.000e-01 0.000e+00 0.000e+00 2.000e+00 0.000e+00 1.272e+02]]",11.706637287139893,0.9901239660000487,0.9896614040009284,0.9906523979128611,0.16245903968811035,2160
54,LSTM W2V,0.9889240506329114,"[[2.262e+02 1.600e+00 4.000e-01 0.000e+00 1.600e+00 0.000e+00 1.000e+00]
 [8.000e-01 2.162e+02 8.000e-01 0.000e+00 4.000e-01 0.000e+00 2.200e+00]
 [0.000e+00 0.000e+00 1.994e+02 0.000e+00 8.000e-01 4.000e-01 0.000e+00]
 [0.000e+00 0.000e+00 0.000e+00 1.808e+02 0.000e+00 8.000e-01 0.000e+00]
 [4.000e-01 2.000e-01 0.000e+00 0.000e+00 1.714e+02 0.000e+00 0.000e+00]
 [0.000e+00 0.000e+00 4.000e-01 4.000e-01 0.000e+00 1.328e+02 0.000e+00]
 [0.000e+00 0.000e+00 0.000e+00 0.000e+00 1.800e+00 0.000e+00 1.232e+02]]",11.809729480743409,0.9887189228651152,0.9879741993082142,0.9895650662476356,0.15622124671936036,2200
55,LSTM W2V,0.9898692810457517,"[[218.6   1.4   0.4   0.    1.8   0.    1. ]
 [  1.  210.8   0.8   0.    0.    0.    2. ]
 [  0.    0.  193.    0.    0.8   0.4   0. ]
 [  0.    0.    0.  175.6   0.    0.8   0. ]
 [  0.4   0.    0.    0.  166.2   0.    0. ]
 [  0.    0.    0.4   0.    0.  128.6   0. ]
 [  0.    0.    0.    0.    1.2   0.  118.8]]",12.15337700843811,0.9898099945357025,0.9889436515093802,0.9907716204789294,0.15308914184570313,2240
56,LSTM W2V,0.9898648648648649,"[[2.108e+02 6.000e-01 4.000e-01 0.000e+00 1.600e+00 0.000e+00 1.000e+00]
 [1.000e+00 2.056e+02 8.000e-01 0.000e+00 0.000e+00 0.000e+00 2.000e+00]
 [0.000e+00 0.000e+00 1.860e+02 0.000e+00 1.000e+00 4.000e-01 2.000e-01]
 [0.000e+00 0.000e+00 0.000e+00 1.712e+02 0.000e+00 8.000e-01 0.000e+00]
 [4.000e-01 2.000e-01 0.000e+00 0.000e+00 1.598e+02 0.000e+00 0.000e+00]
 [0.000e+00 0.000e+00 4.000e-01 0.000e+00 0.000e+00 1.246e+02 0.000e+00]
 [0.000e+00 0.000e+00 0.000e+00 0.000e+00 1.200e+00 0.000e+00 1.140e+02]]",12.53454942703247,0.9896518957091536,0.9887457896895896,0.9906615902999082,0.15620708465576172,2280
57,LSTM W2V,0.9903846153846155,"[[204.    0.4   0.4   0.    1.6   0.    1. ]
 [  1.  200.4   0.6   0.    0.    0.    2. ]
 [  0.    0.  178.4   0.    1.    0.4   0. ]
 [  0.    0.    0.  164.6   0.    0.8   0. ]
 [  0.4   0.    0.    0.  152.8   0.    0. ]
 [  0.    0.    0.4   0.    0.  120.8   0. ]
 [  0.    0.    0.    0.    1.    0.  112. ]]",12.553294706344605,0.990155631705324,0.9892018694666789,0.9912128346425128,0.14060301780700685,2320
58,LSTM W2V,0.9903985507246377,"[[199.    0.4   0.4   0.    1.6   0.    0.8]
 [  0.8 192.8   0.    0.    0.    0.    2. ]
 [  0.    0.  171.4   0.    1.    0.4   0. ]
 [  0.    0.    0.  158.2   0.    0.8   0. ]
 [  0.4   0.    0.    0.  147.8   0.    0. ]
 [  0.    0.    0.4   0.    0.  117.2   0. ]
 [  0.    0.    0.4   0.    1.2   0.  107. ]]",12.672031593322753,0.989977120466078,0.9891791391908071,0.990874677565133,0.13746309280395508,2360
59,LSTM W2V,0.9902255639097743,"[[191.2   0.4   0.6   0.    1.6   0.    0.8]
 [  0.8 184.8   0.    0.    0.    0.    2. ]
 [  0.    0.  164.6   0.    1.    0.4   0. ]
 [  0.    0.    0.  153.    0.    0.8   0. ]
 [  0.6   0.    0.    0.  142.6   0.    0. ]
 [  0.    0.    0.4   0.    0.  113.6   0. ]
 [  0.    0.    0.    0.    1.    0.  103.8]]",12.87820749282837,0.9899512733175412,0.9890442785071325,0.9909680102776063,0.13748388290405272,2400
60,LSTM W2V,0.990625,"[[183.8   0.2   0.4   0.    1.6   0.    0.8]
 [  0.8 178.8   0.    0.    0.    0.    2. ]
 [  0.    0.  158.4   0.    1.    0.4   0. ]
 [  0.    0.    0.  147.2   0.    0.8   0. ]
 [  0.2   0.    0.    0.  137.6   0.    0. ]
 [  0.    0.    0.4   0.    0.  109.    0. ]
 [  0.    0.    0.    0.    1.    0.   99.6]]",13.206258201599121,0.990212013207765,0.989227692260936,0.9913193339058852,0.13121943473815917,2440
61,LSTM W2V,0.9904471544715447,"[[176.8   0.2   0.4   0.    1.4   0.    0.8]
 [  0.8 172.    0.    0.    0.    0.    1.8]
 [  0.    0.  151.4   0.    1.    0.4   0. ]
 [  0.    0.    0.  140.6   0.    0.8   0. ]
 [  0.2   0.    0.    0.  133.6   0.    0.4]
 [  0.    0.    0.4   0.    0.  103.4   0. ]
 [  0.    0.    0.    0.    0.8   0.   96.8]]",13.459337186813354,0.9900495433545012,0.9890427318711963,0.9911930687746967,0.12185659408569335,2480
62,LSTM W2V,0.9908898305084746,"[[169.6   0.2   0.4   0.    1.4   0.    0.8]
 [  0.8 164.4   0.    0.    0.    0.    1.6]
 [  0.    0.  145.6   0.    1.    0.4   0. ]
 [  0.    0.    0.  135.4   0.    0.8   0. ]
 [  0.2   0.    0.    0.  128.4   0.    0. ]
 [  0.    0.    0.2   0.    0.  100.2   0. ]
 [  0.    0.    0.    0.    0.8   0.   91.8]]",13.615552186965942,0.9906112040197046,0.9896559285685006,0.9916970550189461,0.12496938705444335,2520
63,LSTM W2V,0.9898230088495575,"[[162.2   0.2   0.4   0.    1.2   0.    0.8]
 [  1.  156.6   0.    0.    0.    0.    1.6]
 [  0.    0.  139.2   0.    1.    0.4   0. ]
 [  0.    0.    0.  129.8   0.    0.8   0. ]
 [  0.    0.    0.    0.  121.2   0.    0. ]
 [  0.    0.    0.    0.2   0.   97.2   0. ]
 [  0.    0.6   0.    0.    1.    0.   88.6]]",13.768627977371215,0.9893818622707562,0.988633395997528,0.9902440619416117,0.10935077667236329,2560
64,LSTM W2V,0.992361111111111,"[[156.2   0.2   0.2   0.    1.2   0.    0.4]
 [  1.  150.6   0.    0.    0.    0.    1. ]
 [  0.    0.  130.8   0.    1.    0.4   0. ]
 [  0.    0.    0.  124.    0.    0.6   0. ]
 [  0.2   0.    0.    0.  117.8   0.    0. ]
 [  0.    0.    0.2   0.2   0.   93.2   0. ]
 [  0.    0.    0.    0.    0.    0.   84.8]]",14.068568801879882,0.9923997253939311,0.9916871335069072,0.9931960081170699,0.10935611724853515,2600
65,LSTM W2V,0.9927184466019418,"[[149.2   0.    0.    0.    1.2   0.    0.4]
 [  0.8 145.8   0.    0.    0.    0.    1. ]
 [  0.    0.  124.2   0.    1.    0.4   0. ]
 [  0.    0.    0.  117.6   0.    0.6   0. ]
 [  0.2   0.    0.    0.  113.    0.    0. ]
 [  0.    0.    0.2   0.2   0.   88.    0. ]
 [  0.    0.    0.    0.    0.    0.   80.2]]",14.202917337417603,0.9926090510877821,0.9918471862130737,0.9934590930492924,0.09999136924743653,2640
66,LSTM W2V,0.9926020408163266,"[[140.    0.    0.    0.    1.2   0.    0.4]
 [  0.8 140.2   0.    0.    0.    0.    1. ]
 [  0.    0.  119.    0.    1.    0.4   0. ]
 [  0.    0.    0.  111.2   0.    0.6   0. ]
 [  0.2   0.    0.    0.  107.2   0.    0. ]
 [  0.    0.    0.    0.2   0.   84.8   0. ]
 [  0.    0.    0.    0.    0.    0.   75.8]]",14.499718618392944,0.9924974568384247,0.9916399345293,0.993454524780858,0.09998536109924316,2680
67,LSTM W2V,0.9922043010752688,"[[131.4   0.    0.    0.    1.    0.    0.4]
 [  1.  134.    0.    0.    0.2   0.    0.6]
 [  0.    0.  113.    0.    1.    0.4   0. ]
 [  0.    0.    0.  107.    0.    0.6   0. ]
 [  0.    0.    0.    0.  101.4   0.    0.4]
 [  0.    0.    0.    0.2   0.   80.    0. ]
 [  0.    0.    0.    0.    0.    0.   71.4]]",14.705920553207397,0.9920777055523248,0.9911827320957448,0.9930758162775831,0.0968550205230713,2720
68,LSTM W2V,0.9926136363636365,"[[125.    0.    0.    0.    1.    0.    0.2]
 [  0.8 126.4   0.    0.    0.    0.    0. ]
 [  0.    0.  107.    0.    1.    0.4   0. ]
 [  0.    0.    0.  102.4   0.    0.6   0. ]
 [  0.    0.    0.    0.   96.2   0.    1. ]
 [  0.    0.    0.    0.2   0.   73.2   0. ]
 [  0.    0.    0.    0.    0.    0.   68.6]]",14.89963731765747,0.9923410975471073,0.9916335843197114,0.9931302536966566,0.08746709823608398,2760
69,LSTM W2V,0.9918674698795181,"[[118.6   0.    0.    0.    1.    0.    0.2]
 [  0.8 118.4   0.    0.    0.    0.    0.2]
 [  0.    0.  100.2   0.    1.    0.4   0.2]
 [  0.    0.    0.   96.2   0.    0.6   0. ]
 [  0.    0.    0.    0.   91.2   0.    0.8]
 [  0.    0.    0.    0.2   0.   70.2   0. ]
 [  0.    0.    0.    0.    0.    0.   63.8]]",15.10583004951477,0.9915664314321889,0.9907660021526994,0.9924861628139805,0.0812380313873291,2800
70,LSTM W2V,0.9932692307692307,"[[112.4   0.    0.    0.    1.    0.    0.2]
 [  0.8 111.2   0.    0.    0.    0.    0. ]
 [  0.    0.   92.8   0.    1.    0.4   0. ]
 [  0.    0.    0.   89.8   0.    0.6   0. ]
 [  0.    0.    0.    0.   85.4   0.    0. ]
 [  0.    0.    0.    0.2   0.   66.6   0. ]
 [  0.    0.    0.    0.    0.    0.   61.6]]",15.2807861328125,0.9933583085543128,0.9929444753660883,0.9938787270025686,0.07810401916503906,2840
71,LSTM W2V,0.9917808219178081,"[[106.8   0.    0.2   0.    1.    0.    0.2]
 [  0.8 103.4   0.    0.    0.    0.    0. ]
 [  0.    0.   86.6   0.    1.2   0.4   0. ]
 [  0.    0.    0.   84.6   0.    0.6   0. ]
 [  0.    0.2   0.    0.   80.8   0.    0. ]
 [  0.    0.    0.    0.2   0.   60.8   0. ]
 [  0.    0.    0.    0.    0.    0.   56.2]]",15.41200304031372,0.9919653161959857,0.9915212303177139,0.9925277484885827,0.07811813354492188,2880
72,LSTM W2V,0.9930147058823529,"[[99.6  0.   0.   0.   0.8  0.   0.2]
 [ 0.8 97.2  0.   0.   0.   0.   0. ]
 [ 0.   0.  81.2  0.   1.   0.2  0. ]
 [ 0.   0.   0.  77.4  0.   0.6  0. ]
 [ 0.   0.   0.   0.  75.2  0.   0. ]
 [ 0.   0.   0.   0.2  0.  57.   0. ]
 [ 0.   0.   0.   0.   0.   0.  52.6]]",15.802538108825683,0.9931186243719481,0.9927294067399688,0.9936166235022178,0.0656125545501709,2920
73,LSTM W2V,0.9916666666666668,"[[92.2  0.   0.   0.   0.8  0.   0.2]
 [ 0.8 91.2  0.   0.   0.   0.   0.2]
 [ 0.   0.  74.2  0.   1.   0.2  0. ]
 [ 0.   0.   0.  72.4  0.   0.6  0. ]
 [ 0.   0.   0.   0.  69.2  0.   0. ]
 [ 0.   0.   0.   0.2  0.  51.6  0. ]
 [ 0.   0.   0.   0.   0.2  0.  49. ]]",15.958739089965821,0.991503175506826,0.9910460546703274,0.9921115759741996,0.06874361038208007,2960
74,LSTM W2V,0.993103448275862,"[[86.2  0.   0.   0.   0.8  0.   0.2]
 [ 0.8 83.4  0.   0.   0.   0.   0. ]
 [ 0.   0.  68.2  0.   0.   0.2  0. ]
 [ 0.   0.   0.  66.4  0.   0.6  0. ]
 [ 0.2  0.   0.2  0.  64.6  0.   0. ]
 [ 0.   0.   0.   0.2  0.  47.4  0. ]
 [ 0.   0.   0.   0.   0.   0.  44.6]]",16.16184844970703,0.9931950080385473,0.9928974373131055,0.993582323858233,0.05621547698974609,3000
75,LSTM W2V,0.9938679245283017,"[[78.8  0.   0.   0.   0.6  0.   0.2]
 [ 0.8 78.   0.   0.   0.   0.   0. ]
 [ 0.   0.  62.2  0.   0.   0.2  0. ]
 [ 0.   0.   0.  61.   0.   0.6  0. ]
 [ 0.   0.   0.   0.  58.6  0.   0. ]
 [ 0.   0.   0.   0.2  0.  42.8  0. ]
 [ 0.   0.   0.   0.   0.   0.  40. ]]",16.318040704727174,0.9938722924507004,0.9934120145718509,0.9944415549757029,0.059364843368530276,3040
76,LSTM W2V,0.9932291666666666,"[[72.2  0.   0.   0.   0.4  0.   0.2]
 [ 0.8 70.4  0.   0.   0.   0.   0.2]
 [ 0.   0.  58.   0.   0.   0.   0. ]
 [ 0.   0.   0.  54.4  0.   0.6  0. ]
 [ 0.2  0.   0.   0.  52.   0.   0. ]
 [ 0.   0.   0.   0.2  0.  38.4  0. ]
 [ 0.   0.   0.   0.   0.   0.  36. ]]",16.62108931541443,0.9931028596478718,0.992685240745986,0.9936891940605381,0.050006437301635745,3080
77,LSTM W2V,0.9936046511627907,"[[65.6  0.   0.   0.   0.4  0.   0.4]
 [ 0.4 63.6  0.   0.   0.   0.   0.2]
 [ 0.   0.  51.   0.   0.   0.   0. ]
 [ 0.   0.   0.  49.   0.   0.6  0. ]
 [ 0.   0.   0.   0.  46.8  0.   0. ]
 [ 0.   0.   0.   0.2  0.  33.8  0. ]
 [ 0.   0.   0.   0.   0.   0.  32. ]]",16.777306365966798,0.9930931273802109,0.9923927823927825,0.9940049467889089,0.04686484336853027,3120
78,LSTM W2V,0.9947368421052631,"[[56.6  0.   0.   0.   0.2  0.   0.2]
 [ 0.4 56.2  0.   0.   0.   0.   0.2]
 [ 0.   0.  45.2  0.   0.   0.   0. ]
 [ 0.   0.   0.  43.4  0.   0.4  0. ]
 [ 0.   0.   0.   0.2 42.2  0.   0. ]
 [ 0.   0.   0.   0.   0.  30.6  0. ]
 [ 0.   0.   0.   0.   0.   0.  28.2]]",17.017893600463868,0.9945509609454,0.9938356524427954,0.9954243450668387,0.03436098098754883,3160
79,LSTM W2V,0.9946969696969697,"[[48.2  0.   0.   0.   0.2  0.   0. ]
 [ 0.8 48.2  0.   0.   0.   0.   0. ]
 [ 0.   0.  39.8  0.   0.   0.   0. ]
 [ 0.   0.   0.  38.8  0.   0.4  0. ]
 [ 0.   0.   0.   0.  38.   0.   0. ]
 [ 0.   0.   0.   0.   0.  25.4  0. ]
 [ 0.   0.   0.   0.   0.   0.  24.2]]",17.43964295387268,0.9951160726373296,0.9948927793339557,0.995512344798059,0.034381532669067384,3200
80,LSTM W2V,0.99375,"[[41.   0.   0.   0.   0.2  0.   0. ]
 [ 0.8 41.2  0.   0.   0.   0.   0. ]
 [ 0.   0.  31.8  0.   0.   0.   0. ]
 [ 0.   0.   0.  33.6  0.   0.4  0. ]
 [ 0.   0.   0.   0.  32.2  0.   0. ]
 [ 0.   0.   0.   0.   0.  22.   0. ]
 [ 0.   0.   0.   0.   0.   0.  20.8]]",17.599536609649657,0.9943438851712523,0.9941972789115647,0.9947215458806301,0.031238222122192384,3240
