,Unnamed: 0,Model,accuracy,confusion,f1,precision,recall,train_size
0,0,MLP BoW,0.5168471199653529,"[[172.8  27.2  32.6  13.4  28. ]
 [ 20.6 243.6   7.6   5.2   2.6]
 [ 43.6  22.   54.2  18.2   8.6]
 [220.8 182.8 212.8 515.6 110.6]
 [ 81.2  17.6  43.8  16.4 207.2]]",0.4483161284411058,0.4920001022636207,0.6576414958261744,40
1,1,MLP BoW,0.6246804759806082,"[[323.6  25.2  78.8  18.4  55. ]
 [ 28.4 318.4  16.8  13.2  14. ]
 [ 10.    6.4  52.   11.6   3.2]
 [114.8 115.6 142.8 498.6  54.2]
 [ 52.4  19.4  55.   16.4 224.8]]",0.5719614344316826,0.5911979107705813,0.7058302352292284,80
2,2,MLP BoW,0.7278600269179003,"[[353.8  19.6  52.   13.4  16.6]
 [ 45.8 379.4  30.6  17.6  21.8]
 [ 38.2  12.2 117.8  21.    5.2]
 [ 56.   50.  108.  485.6  15. ]
 [ 29.2  13.6  29.2  11.6 285.8]]",0.6972104440498195,0.7084814645213551,0.7563669074342785,120
3,3,MLP BoW,0.7629968021927821,"[[388.6  33.6  56.2  24.   20. ]
 [ 31.4 375.4  25.8  13.   12.6]
 [ 38.   14.6 143.4  22.    5.4]
 [ 38.6  30.   85.6 470.4   7.8]
 [ 16.8  12.2  21.   10.2 292.4]]",0.7413407102818266,0.7472318790007497,0.7803330404314932,160
4,4,MLP BoW,0.7911586784550954,"[[409.8  33.6  50.   18.2  17.6]
 [ 16.2 369.4  18.8   9.2  10.2]
 [ 39.8  17.4 167.   30.6   8.6]
 [ 26.6  24.   80.  461.2   3.4]
 [ 12.4  12.8  10.    9.4 292.8]]",0.7764364735871608,0.7779500892148898,0.8001098076688367,200
5,5,MLP BoW,0.8053105737316264,"[[401.2  26.4  44.8  18.   13.4]
 [ 19.2 377.4  19.4   8.8   9.4]
 [ 43.4  20.2 176.4  32.8   9.6]
 [ 21.8  14.8  68.6 453.2   3.6]
 [  9.8  10.8   9.4   6.4 290.2]]",0.7935101383383774,0.7938232917524839,0.8052810898810495,240
6,6,MLP BoW,0.8189463508941518,"[[401.8  22.6  36.4  15.8   9.6]
 [ 14.6 376.2  14.8   7.2   7.6]
 [ 40.8  16.  180.4  34.    8.4]
 [ 19.6  14.8  73.  444.6   2.6]
 [ 10.2  11.8   8.4   6.4 291.4]]",0.8082442132486675,0.8086599824309264,0.8150792622036933,280
7,7,MLP BoW,0.8236569738787579,"[[393.2  23.4  34.   13.2   8.8]
 [ 10.6 370.8  13.6   7.2   6.6]
 [ 45.6  16.  183.2  36.2   9.8]
 [ 18.8  12.   67.  437.8   2.2]
 [  9.    9.8   8.4   5.6 286.2]]",0.8140868566685795,0.8143095960375065,0.8210477629915267,320
8,8,MLP BoW,0.8301659125188537,"[[391.   21.4  37.   14.6   8.6]
 [ 13.2 368.2  13.    7.2   7. ]
 [ 38.8  14.6 181.6  32.8  10.8]
 [ 15.6  11.   64.6 433.2   2.2]
 [  7.4   7.6   5.2   5.2 277.2]]",0.8208883637402291,0.8199993818595909,0.8276833522624201,360
9,9,MLP BoW,0.8378655720882504,"[[382.   15.8  31.8  10.4   8. ]
 [ 10.  369.2  11.4   7.2   6.4]
 [ 44.2  15.  187.4  39.8   9.4]
 [ 13.2   6.4  58.  422.6   1.4]
 [  7.4   9.2   5.8   5.2 271.8]]",0.829543455133366,0.8297846641663137,0.8317001366569423,400
10,10,MLP BoW,0.8384494499738082,"[[370.4  15.8  31.4  12.6   7.4]
 [  8.8 360.6  10.    6.    5.8]
 [ 45.2  15.2 185.6  31.8  10.6]
 [ 14.4   9.4  57.6 417.2   1.6]
 [  7.8   7.2   4.8   5.  266.8]]",0.8305692514003363,0.8306918938433444,0.8357796923773841,440
11,11,MLP BoW,0.8395933654360621,"[[367.6  16.8  30.4  11.    6.8]
 [  9.4 349.    8.2   6.8   5.4]
 [ 39.6  13.4 178.6  27.6  10. ]
 [ 15.   12.6  60.  412.2   1.6]
 [  7.2   7.6   5.4   5.  261.8]]",0.8313714995176176,0.8306276683634229,0.8356218341422167,480
12,12,MLP BoW,0.8441771459814106,"[[358.4  14.   27.2  10.6   5. ]
 [ 11.  346.8   9.    5.8   6. ]
 [ 41.2  12.8 180.8  33.2   8.8]
 [ 12.   10.6  53.6 401.    1.8]
 [  7.8   6.4   4.    4.2 257. ]]",0.8369530807122917,0.8370434382732188,0.8400040849671788,520
13,13,MLP BoW,0.8456120737842371,"[[351.   10.8  24.6   7.4   4. ]
 [  9.4 338.2   6.4   6.    5.6]
 [ 40.8  14.6 181.4  36.6   9.8]
 [ 12.6  12.2  52.8 390.8   2. ]
 [  7.6   5.6   3.2   4.2 251.4]]",0.8393151480064687,0.8393549955053011,0.8428367194275804,560
14,14,MLP BoW,0.8516866781017726,"[[350.8  11.6  27.2   9.2   5.6]
 [  8.4 334.6   6.8   5.8   5.2]
 [ 32.   11.2 173.4  33.2   7.4]
 [ 11.2  11.4  51.4 382.4   1.6]
 [  7.4   5.4   2.6   4.8 248.4]]",0.8443931292164392,0.844045453277596,0.8477576668672283,600
15,15,MLP BoW,0.8532475131655939,"[[340.8  11.   26.8   7.8   4.6]
 [  9.8 330.2   7.4   6.2   4.2]
 [ 31.4   9.8 163.   28.6   7. ]
 [ 11.8   9.   54.6 377.4   1.4]
 [  7.    5.    2.8   4.6 246.8]]",0.8446831421494828,0.8439968428203823,0.8478124017168964,640
16,16,MLP BoW,0.8577591372079091,"[[335.4  10.4  27.2  10.    4.8]
 [  8.6 322.4   6.2   4.6   4.2]
 [ 28.4   9.  161.4  27.4   5.8]
 [ 11.2   8.8  50.8 370.    0.8]
 [  7.4   6.    2.2   3.6 242.4]]",0.8495926593674687,0.8487578552087346,0.8520861592675614,680
17,17,MLP BoW,0.8588090853284223,"[[322.4   7.2  20.6   7.4   3.8]
 [  8.2 316.    5.    5.4   4.2]
 [ 33.4   9.6 165.6  31.6   6.6]
 [  9.4   9.4  49.6 358.6   1. ]
 [  7.2   5.    1.6   3.8 236.4]]",0.8520522734747706,0.8521797382411334,0.8534996224189797,720
18,18,MLP BoW,0.8617998741346758,"[[318.4   6.8  23.4   9.6   4.4]
 [  6.2 311.6   5.8   6.    4.8]
 [ 29.2   7.4 158.6  28.    5.2]
 [  9.2   9.4  47.4 350.4   1.2]
 [  6.8   5.4   1.    2.4 230.4]]",0.8546047431379382,0.8537695985372477,0.8569170892375955,760
19,19,MLP BoW,0.8621045836023241,"[[310.2   8.4  22.2   7.4   4.4]
 [  5.2 303.    6.2   5.2   4.4]
 [ 25.6   7.6 152.   24.8   5.6]
 [ 11.2   8.6  48.4 346.    2.4]
 [  7.4   5.    1.    2.6 224.2]]",0.8542088586236926,0.8525709963465202,0.8579879027853231,800
20,20,MLP BoW,0.8654738237243208,"[[301.2   6.8  21.4   6.2   4. ]
 [  6.2 297.6   5.6   6.    4.4]
 [ 24.4   7.6 150.6  24.8   5. ]
 [ 12.    7.6  45.4 337.2   2. ]
 [  7.    4.4   0.8   1.4 219.4]]",0.8580862927200972,0.8564583763871004,0.8612518752289349,840
21,21,MLP BoW,0.8652144315861129,"[[291.4   5.4  20.8   5.6   4.2]
 [  8.  293.4   6.2   5.2   4.4]
 [ 24.4   6.8 147.   25.    4.6]
 [ 10.2   6.4  43.  326.4   1.6]
 [  7.6   5.    0.8   2.8 212.8]]",0.857402923472278,0.8566766626476051,0.8594644981745156,880
22,22,MLP BoW,0.8660601819454165,"[[285.4   5.4  21.4   6.6   4.4]
 [  7.2 288.2   5.8   6.6   5.2]
 [ 24.8   5.4 144.6  24.4   4.2]
 [  9.2   5.6  40.  314.4   1.8]
 [  6.4   4.4   0.8   1.8 205. ]]",0.8587912490365588,0.8578164009745493,0.8618015020019104,920
23,23,MLP BoW,0.8660907127429807,"[[281.6   7.   23.2   8.    4.8]
 [  6.6 277.2   5.2   5.4   4.6]
 [ 19.4   4.6 134.8  21.6   3.8]
 [  9.8   6.2  41.8 308.8   1.4]
 [  6.    4.6   0.8   1.2 200.6]]",0.8578367916422186,0.8559128567841698,0.862319677667567,960
24,24,MLP BoW,0.8649369903632321,"[[273.6   6.2  20.    6.8   3.8]
 [  6.4 269.4   4.    4.6   4.8]
 [ 19.4   5.  134.6  23.8   4.2]
 [ 10.8   7.4  41.6 297.6   2.4]
 [  5.2   4.    1.    0.8 191.6]]",0.8579654736819867,0.8560899901517983,0.8623714197220798,1000
25,25,MLP BoW,0.8658517952635602,"[[262.8   4.2  18.2   6.4   3.4]
 [  5.2 260.8   4.2   4.6   4. ]
 [ 22.2   5.6 130.8  20.8   4.2]
 [ 10.    7.6  41.2 293.4   2. ]
 [  5.4   4.4   1.    1.  185.6]]",0.8584938811160757,0.8569627311621408,0.8621305581308653,1040
26,26,MLP BoW,0.8652482269503547,"[[260.6   5.2  20.4   7.4   3. ]
 [  6.2 254.4   4.2   5.    4.2]
 [ 17.    3.8 125.   21.2   4.4]
 [  8.4   6.8  40.  276.8   1.6]
 [  5.6   4.    0.8   1.8 181.2]]",0.8575241055485284,0.8560285137898989,0.8619643286384141,1080
27,27,MLP BoW,0.8649308380797397,"[[250.    5.4  18.4   5.6   3.2]
 [  5.2 243.8   3.    4.4   3.4]
 [ 19.    4.6 124.2  21.6   4.6]
 [  9.4   6.6  39.2 269.2   1.6]
 [  5.    4.2   0.6   1.  175.8]]",0.8582942216964422,0.8568436544322757,0.8617711157401882,1120
28,28,MLP BoW,0.8662741799831792,"[[2.448e+02 5.200e+00 1.860e+01 6.200e+00 2.600e+00]
 [5.200e+00 2.376e+02 3.200e+00 3.600e+00 3.800e+00]
 [1.840e+01 4.600e+00 1.190e+02 2.040e+01 4.800e+00]
 [8.600e+00 5.600e+00 3.660e+01 2.586e+02 1.600e+00]
 [4.800e+00 3.800e+00 2.000e-01 1.200e+00 1.700e+02]]",0.859024739277093,0.8578371767208004,0.8637885044430427,1160
29,29,MLP BoW,0.8691035683202785,"[[237.8   4.2  15.8   6.    3. ]
 [  5.  228.8   3.6   3.4   3.6]
 [ 16.    4.2 113.8  18.6   4. ]
 [  8.8   6.6  35.6 252.8   0.8]
 [  5.    4.2   0.8   1.2 165.4]]",0.8613559324857321,0.8601883181675994,0.8657281054643216,1200
30,30,MLP BoW,0.865644724977457,"[[229.8   6.   16.6   6.6   3.2]
 [  5.6 222.8   3.6   2.6   3.8]
 [ 15.2   3.8 109.8  22.4   4.4]
 [  7.8   3.6  32.2 238.8   1. ]
 [  4.4   3.6   0.8   1.8 158.8]]",0.8577402731537094,0.8568677482256648,0.8603461931691674,1240
31,31,MLP BoW,0.8673526660430309,"[[220.8   5.   16.4   7.2   2.6]
 [  5.4 215.8   3.8   2.6   4. ]
 [ 13.6   2.6 102.6  17.4   3.4]
 [  8.2   5.   33.4 234.6   1.6]
 [  4.4   3.6   0.4   1.2 153.4]]",0.8588622747581562,0.8567401257587338,0.8631290797858595,1280
32,32,MLP BoW,0.8691933916423713,"[[2.106e+02 4.200e+00 1.520e+01 5.800e+00 2.800e+00]
 [4.600e+00 2.090e+02 4.000e+00 2.600e+00 3.800e+00]
 [1.520e+01 3.800e+00 1.014e+02 1.720e+01 3.600e+00]
 [7.800e+00 4.000e+00 3.000e+01 2.260e+02 1.000e+00]
 [3.800e+00 3.600e+00 2.000e-01 1.400e+00 1.474e+02]]",0.8609276393728011,0.85977806906523,0.8644330460176416,1320
33,33,MLP BoW,0.8715874620829119,"[[202.8   4.4  15.    6.2   2.4]
 [  4.8 201.    4.4   3.6   3.4]
 [ 11.8   2.4  96.6  13.8   2.6]
 [  7.4   4.   30.4 218.8   1.2]
 [  4.4   3.2   0.4   1.2 142.8]]",0.8634357111952244,0.8615162331881793,0.8682013258635319,1360
34,34,MLP BoW,0.872286617492097,"[[194.    5.4  15.8   7.    3. ]
 [  3.2 192.4   2.2   2.    3.2]
 [ 11.    2.2  95.2  13.6   2.8]
 [  7.8   4.   28.2 210.    0.8]
 [  4.2   2.6   0.6   1.6 136.2]]",0.8649416160107675,0.862746930181903,0.8696298356657577,1400
35,35,MLP BoW,0.8730473047304731,"[[188.2   5.6  16.    6.4   2.8]
 [  2.6 185.8   3.    2.    3. ]
 [  9.6   1.6  88.6  14.2   2.6]
 [  6.6   4.2  26.6 199.8   0.6]
 [  3.6   2.4   0.6   1.4 131.2]]",0.8646780571997684,0.8625445445724216,0.870317089287626,1440
36,36,MLP BoW,0.8738780207134639,"[[176.    4.   13.4   5.2   2. ]
 [  2.8 178.4   2.6   1.8   2.8]
 [ 11.    2.   86.6  13.8   2.8]
 [  6.8   3.8  26.2 192.6   0.8]
 [  3.8   2.4   0.2   1.4 125.8]]",0.8659117471748871,0.8642516969628813,0.8696120788921657,1480
37,37,MLP BoW,0.8740651387213508,"[[167.2   3.2  12.2   4.6   2. ]
 [  2.8 170.    3.    2.4   2.8]
 [ 12.4   2.4  85.4  15.    2.8]
 [  5.8   2.6  22.  182.2   0.6]
 [  3.8   2.8   0.4   0.8 119.8]]",0.8665169004274317,0.866222879537043,0.8679508689755524,1520
38,38,MLP BoW,0.8712294043092523,"[[158.2   4.   12.    5.    1.8]
 [  3.4 161.4   2.8   1.6   2.6]
 [ 10.6   1.8  78.6  13.4   2.4]
 [  5.    3.4  24.6 174.2   0.4]
 [  3.4   2.6   0.2   0.6 115. ]]",0.8632131735313365,0.8621636667839118,0.8667295471230998,1560
39,39,MLP BoW,0.8734312416555408,"[[151.2   2.6  12.    5.2   1.8]
 [  2.8 155.8   3.    1.8   2.4]
 [  8.4   2.2  73.   10.8   2.6]
 [  5.    3.   25.  166.8   0.6]
 [  3.4   2.    0.    0.2 107.4]]",0.8646377020496365,0.8625283566653883,0.8699467050236956,1600
40,40,MLP BoW,0.8733427362482369,"[[143.2   3.   10.8   4.    1.6]
 [  2.6 146.8   2.4   2.4   1.8]
 [ 10.2   1.8  73.2  13.6   3. ]
 [  4.    2.6  21.2 155.2   0.6]
 [  2.4   1.4   0.    0.4 100.8]]",0.8661205671363215,0.864748794048379,0.8696309274450036,1640
41,41,MLP BoW,0.8750373692077729,"[[137.6   3.   10.8   4.2   2.2]
 [  2.6 137.    1.6   1.8   2. ]
 [  7.8   2.   67.2  10.4   2.8]
 [  4.    2.2  21.6 150.    0.4]
 [  2.8   0.8   0.    0.6  93.6]]",0.8675953023345306,0.8651267074753213,0.8738291369459871,1680
42,42,MLP BoW,0.8769475357710652,"[[128.6   3.   10.2   4.    1.6]
 [  2.2 127.8   1.8   2.    1.6]
 [  6.4   1.4  61.2   8.4   2.2]
 [  3.6   3.   22.2 144.8   0.6]
 [  2.2   1.    0.    0.   89.2]]",0.8687978148635137,0.8655724990220609,0.8762507029839051,1720
43,43,MLP BoW,0.8774193548387096,"[[116.8   3.    8.8   3.8   1.6]
 [  2.  120.    1.6   1.8   1.4]
 [  8.    1.8  62.    9.2   2.4]
 [  3.4   2.6  18.2 134.    0.2]
 [  1.8   0.6   0.    0.   84. ]]",0.8716661568723229,0.8693579252973551,0.8758135364174949,1760
44,44,MLP BoW,0.877959927140255,"[[112.2   2.    8.6   4.    1.4]
 [  2.2 114.2   1.    2.    1.8]
 [  6.8   2.   57.4  10.4   2. ]
 [  2.    1.4  15.6 122.4   0.4]
 [  2.2   1.    0.    0.2  75.8]]",0.8711365279494464,0.8698544868487925,0.8737193115208021,1800
45,45,MLP BoW,0.8809430255402749,"[[102.6   2.    7.4   2.4   1.6]
 [  2.4 106.4   1.2   1.4   1.2]
 [  5.4   1.   49.4   7.4   2. ]
 [  3.    2.6  16.6 118.8   0.6]
 [  1.6   0.8   0.    0.   71.2]]",0.8718556953651545,0.8680622366139923,0.8782676640591944,1840
46,46,MLP BoW,0.8831556503198292,"[[ 93.8   1.6   6.6   2.8   1.4]
 [  1.8 100.8   1.    1.6   1.4]
 [  5.6   0.8  45.6   7.2   2. ]
 [  2.4   1.8  14.4 107.2   0.4]
 [  1.    0.8   0.2   0.   66.8]]",0.8739658851445358,0.8712314264500508,0.879423608148333,1880
47,47,MLP BoW,0.8825174825174826,"[[84.6  1.2  6.2  2.6  1.2]
 [ 2.  91.   0.6  1.   1.2]
 [ 5.   1.2 42.   7.4  1.8]
 [ 2.2  1.4 13.4 97.6  0.2]
 [ 1.2  0.6  0.   0.  63.4]]",0.8734263932268428,0.8708513223089922,0.8796830308715716,1920
48,48,MLP BoW,0.8796915167095116,"[[77.6  0.8  4.8  3.   1. ]
 [ 1.4 82.4  0.8  1.   0.8]
 [ 4.8  1.2 38.2  7.4  1.6]
 [ 1.8  1.4 12.6 87.6  0.4]
 [ 1.4  0.6  0.   0.  56.4]]",0.871295797038315,0.8696231473250219,0.8746235938583193,1960
49,49,MLP BoW,0.8836676217765043,"[[70.4  1.   5.6  2.4  0.6]
 [ 1.4 73.4  0.4  0.8  0.8]
 [ 4.4  0.8 35.   7.   1.6]
 [ 1.6  1.2  9.6 79.2  0. ]
 [ 0.6  0.8  0.   0.  50.4]]",0.8760226891530525,0.8743670409714339,0.8787182944362069,2000
50,50,MLP BoW,0.884789644012945,"[[61.6  0.8  4.8  3.   0.4]
 [ 1.2 65.8  0.2  0.6  0.6]
 [ 3.6  1.  32.2  6.6  1.2]
 [ 1.8  0.6  8.  69.2  0.2]
 [ 0.4  0.6  0.   0.  44.6]]",0.878538554105576,0.8780868310018379,0.8822262999076514,2040
51,51,MLP BoW,0.8862453531598513,"[[55.2  0.6  3.4  2.8  0.6]
 [ 1.2 58.6  0.6  0.6  0.4]
 [ 2.4  0.4 26.6  4.6  0.8]
 [ 1.4  1.4  8.  61.   0.4]
 [ 0.4  0.6  0.   0.  37. ]]",0.8797152262160861,0.8773043621773595,0.8841615613697927,2080
52,52,MLP BoW,0.8864628820960698,"[[47.   0.6  2.8  2.   0.2]
 [ 0.8 49.8  0.4  0.6  0.2]
 [ 2.4  0.4 22.8  4.2  0.6]
 [ 1.2  0.8  7.4 50.   0.4]
 [ 0.4  0.6  0.   0.  33.4]]",0.8785149384258579,0.8775380083757416,0.8826005264338059,2120
0,0,MLP TFIDF,0.38536162841056737,"[[ 98.2   5.8   7.2   3.    6.6]
 [ 23.8 138.4   8.2   4.6   8. ]
 [ 57.2  14.2  41.2  22.   13.4]
 [349.  332.  288.4 536.  253. ]
 [ 10.8   2.8   6.    3.2  76. ]]",0.2893507249122471,0.34775348190892874,0.5382239418408038,40
1,1,MLP TFIDF,0.4831203173204054,"[[2.314e+02 2.100e+01 4.680e+01 1.500e+01 4.140e+01]
 [2.100e+01 2.132e+02 1.520e+01 9.600e+00 1.320e+01]
 [2.000e+00 2.000e-01 1.160e+01 1.400e+00 4.000e-01]
 [2.514e+02 2.452e+02 2.504e+02 5.244e+02 1.806e+02]
 [2.340e+01 5.400e+00 2.140e+01 7.800e+00 1.156e+02]]",0.3949746130131471,0.4368129051354124,0.7313349696432219,80
2,2,MLP TFIDF,0.5856437864513235,"[[250.2  13.   31.2   8.6  22. ]
 [ 83.6 343.8  46.4  18.2  55.6]
 [ 15.4   3.   49.2   8.6   3.6]
 [160.6 112.6 205.  511.6 112.6]
 [ 13.2   2.4   5.8   2.2 150.6]]",0.5297076110068096,0.5442710467395069,0.7489608920584765,120
3,3,MLP TFIDF,0.6604842393787118,"[[329.   21.6  51.4  17.8  28. ]
 [ 53.2 360.2  43.6  13.8  37.4]
 [ 27.2   7.2  77.   14.6   7.6]
 [ 92.8  72.6 152.2 489.2  74.8]
 [ 11.2   4.2   7.8   4.2 190.4]]",0.6143647737241358,0.6245222216603162,0.7569411044319729,160
4,4,MLP TFIDF,0.7058166589111214,"[[368.6  21.8  53.   14.2  26.8]
 [ 41.6 361.   37.4  15.8  26.2]
 [ 20.4   6.   85.   15.    7.8]
 [ 66.   62.6 143.  479.8  49.4]
 [  8.2   5.8   7.4   3.8 222.4]]",0.6668587192107825,0.6727801679623685,0.7726570209773032,200
5,5,MLP TFIDF,0.7485064011379801,"[[383.8  22.6  49.4  17.2  19.2]
 [ 32.8 367.8  32.2  14.6  22.2]
 [ 20.    5.8 113.4  15.8   8.8]
 [ 49.   46.2 116.2 466.4  28.8]
 [  9.8   7.2   7.4   5.2 247.2]]",0.7220821577492111,0.7221154817127896,0.7880862876550208,240
6,6,MLP TFIDF,0.7773803769937168,"[[389.4  21.2  43.4  15.4  15.6]
 [ 24.2 370.   26.8  13.8  15.8]
 [ 24.6   6.4 130.   17.8   8. ]
 [ 38.4  35.4 103.  455.2  16.4]
 [ 10.4   8.4   9.8   5.8 263.8]]",0.7562373359631482,0.755910708337378,0.7974696560457992,280
7,7,MLP TFIDF,0.7931986200098571,"[[382.8  23.   36.8  14.4  12.4]
 [ 18.6 362.8  19.6  12.6  12.4]
 [ 31.    8.  150.8  19.2  10.8]
 [ 33.2  30.2  89.  449.2  14.2]
 [ 11.6   8.   10.    4.6 263.8]]",0.7779325856462966,0.7757564161187691,0.8035640157902234,320
8,8,MLP TFIDF,0.8059326294620413,"[[384.8  24.6  40.   14.4  12.6]
 [ 20.2 365.4  19.6  16.   13.2]
 [ 29.2   8.2 158.8  23.4  10.2]
 [ 21.6  17.   73.4 432.2   8. ]
 [ 10.2   7.6   9.6   7.  261.8]]",0.7920651381297615,0.7906925915040224,0.8086522829667906,360
9,9,MLP TFIDF,0.8137506413545408,"[[380.4  25.6  37.2  12.8  12.2]
 [ 13.2 352.   14.8  10.8   8.8]
 [ 31.4  10.2 165.2  28.2   8.2]
 [ 21.   18.2  69.6 426.4   5.8]
 [ 10.8   9.6   7.6   7.  262. ]]",0.8019576973901451,0.8011325857233572,0.8134676142429249,400
10,10,MLP TFIDF,0.8154007333682557,"[[367.8  21.6  33.4  11.8   9.6]
 [ 13.4 350.4  13.    9.4   7.4]
 [ 36.   11.6 168.2  31.6  10.6]
 [ 19.   15.6  66.  413.    7.4]
 [ 10.4   9.    8.8   6.8 257.2]]",0.8046488505810145,0.8045986314568265,0.8152298620748631,440
11,11,MLP TFIDF,0.8204387372926698,"[[359.6  19.   32.    9.    8.2]
 [ 11.8 343.4   9.4   9.2   7.2]
 [ 37.8  12.  171.4  31.8  10.6]
 [ 20.   16.   62.4 405.2   5.8]
 [  9.6   9.    7.4   7.4 253.8]]",0.8110252359929317,0.8107826021666227,0.8180386368116794,480
12,12,MLP TFIDF,0.8266812465828322,"[[353.6  18.8  25.2   8.8   6.6]
 [ 10.8 333.4   8.    6.8   5.6]
 [ 36.   11.2 175.   33.6   8.6]
 [ 20.4  18.6  60.2 399.2   7. ]
 [  9.6   8.6   6.2   6.4 250.8]]",0.8192919799521391,0.8187803151423075,0.8253789657648998,520
13,13,MLP TFIDF,0.8348798211291225,"[[352.8  15.6  28.   10.2   7.2]
 [ 10.6 333.2   8.4   6.4   5.4]
 [ 32.4   9.2 170.6  30.    9.6]
 [ 17.   16.8  56.4 392.2   5.8]
 [  8.6   6.6   5.    6.2 244.8]]",0.8269029920894315,0.8252749859798945,0.8320056544793744,560
14,14,MLP TFIDF,0.8399085191538023,"[[343.   13.8  27.    8.8   6. ]
 [  9.8 330.4   7.4   7.4   6. ]
 [ 32.2   9.8 169.8  30.8   9. ]
 [ 15.2  13.6  52.6 383.    4.4]
 [  9.6   6.6   4.6   5.4 242.8]]",0.8319923817538041,0.8312079679355928,0.8347089745912367,600
15,15,MLP TFIDF,0.8411936805149209,"[[338.2  14.2  25.2   9.8   5.4]
 [ 10.4 323.6   9.4   8.8   6.2]
 [ 31.2   7.8 167.2  31.6   8.4]
 [ 12.2  13.4  49.  369.2   4.6]
 [  8.8   6.    3.8   5.2 239.4]]",0.8335270890646769,0.8331122604725729,0.8376746463250878,640
16,16,MLP TFIDF,0.8418214499700418,"[[329.6  12.6  25.    9.4   6.2]
 [  9.2 315.6   6.    7.4   4.6]
 [ 30.    7.4 157.   26.6   6.6]
 [ 13.6  15.8  55.8 367.2   5. ]
 [  8.6   5.2   4.    5.  235.6]]",0.83358120421803,0.8319352817950756,0.8382648923263051,680
17,17,MLP TFIDF,0.8489871086556169,"[[324.8  13.   23.6   9.4   4.4]
 [  8.2 310.4   7.4   8.    6.2]
 [ 27.6   6.4 158.4  27.4   6.4]
 [ 12.   12.   49.6 358.    3.6]
 [  8.    5.4   3.4   4.  231.4]]",0.8412034132835655,0.8400748017518499,0.8446844386554809,720
18,18,MLP TFIDF,0.8497168030207678,"[[313.2   9.4  21.2   8.4   5.4]
 [  8.6 304.6   6.    7.    5. ]
 [ 26.8   6.4 157.8  30.    5.6]
 [ 12.8  14.4  48.8 348.    3.4]
 [  8.4   5.8   2.4   3.  226.6]]",0.8430448465264316,0.841947397535743,0.8464153138720544,760
19,19,MLP TFIDF,0.8503550677856682,"[[308.4  11.   23.6   9.2   5.4]
 [  7.2 296.4   6.2   6.6   5.8]
 [ 23.    6.2 148.8  23.8   6.2]
 [ 12.4  13.8  49.4 343.8   3.8]
 [  8.6   5.2   1.8   2.6 219.8]]",0.8424984600730665,0.8398845962193183,0.848065978994077,800
20,20,MLP TFIDF,0.8584493041749504,"[[303.   10.   21.6   7.8   4.6]
 [  6.  290.2   5.2   6.2   4.8]
 [ 21.2   6.  153.   27.    5. ]
 [ 11.4  12.4  41.2 331.6   2.8]
 [  9.2   5.4   2.8   3.  217.6]]",0.8515982752033195,0.8506567155327854,0.8539333233592293,840
21,21,MLP TFIDF,0.8575901974132062,"[[292.2   8.   21.    8.    5. ]
 [  7.8 289.6   4.8   6.8   5.6]
 [ 23.    6.2 152.4  30.8   5. ]
 [ 10.    8.6  37.6 316.2   2.6]
 [  8.6   4.6   2.    3.2 209.4]]",0.8513035188177998,0.8510167419872401,0.8523540151025832,880
22,22,MLP TFIDF,0.8564030790762771,"[[286.8   8.6  23.    8.4   6.8]
 [  7.6 280.8   4.    6.4   5.8]
 [ 20.6   4.2 143.8  24.2   3.8]
 [ 11.2  11.   40.  311.8   3.6]
 [  6.8   4.4   1.8   3.  200.6]]",0.8498162231800425,0.8476258896422392,0.8544571736593675,920
23,23,MLP TFIDF,0.8584593232541398,"[[280.    8.8  19.8   9.    5.4]
 [  6.6 272.8   4.2   7.    6.4]
 [ 22.    5.  144.4  27.4   5. ]
 [  9.6   8.8  36.2 299.6   2.8]
 [  5.2   4.2   1.2   2.  195.6]]",0.8526436526157173,0.8516065326041365,0.8555466815926979,960
24,24,MLP TFIDF,0.8610822831727205,"[[273.4   7.6  20.8   7.4   5. ]
 [  6.6 267.6   3.8   6.6   5.6]
 [ 17.8   3.8 136.6  23.    3.8]
 [ 10.4   8.4  38.  294.    2.4]
 [  7.2   4.6   2.    2.6 190. ]]",0.8540939692411976,0.8525510712801114,0.8575419028763109,1000
25,25,MLP TFIDF,0.8557677616501145,"[[261.4   6.2  18.2   6.6   5. ]
 [  7.  258.    3.4   7.    5.2]
 [ 23.4   4.6 137.2  28.8   4.8]
 [  7.6   9.8  35.  281.8   2.4]
 [  6.2   4.    1.6   2.  181.8]]",0.8502041565919006,0.8500171148221464,0.8521395697778399,1040
26,26,MLP TFIDF,0.8557919621749409,"[[254.    7.   18.4   7.2   5.4]
 [  7.4 249.8   3.    5.8   4.8]
 [ 21.    3.4 131.6  25.    3.2]
 [  8.8   9.8  36.2 271.8   2.2]
 [  6.6   4.2   1.2   2.4 178.8]]",0.8503386737924444,0.8496333170260064,0.8536872730347141,1080
27,27,MLP TFIDF,0.8574450772986169,"[[248.2   6.8  18.6   6.2   4.2]
 [  6.4 242.6   3.6   5.2   5. ]
 [ 18.6   4.  125.2  24.6   3.4]
 [  9.6   7.4  37.  263.6   1.8]
 [  5.8   3.8   1.    2.2 174.2]]",0.85128834731633,0.8504649550991136,0.8552112182605317,1120
28,28,MLP TFIDF,0.8565180824222036,"[[241.4   6.8  17.8   5.8   3.6]
 [  6.  234.4   4.    5.2   5.4]
 [ 19.6   4.6 121.   23.2   3.6]
 [  8.8   7.2  33.4 253.2   1.8]
 [  6.    3.8   1.4   2.6 168.4]]",0.8499117590711135,0.8497212389520425,0.8525661321564929,1160
29,29,MLP TFIDF,0.85674499564839,"[[233.6   6.6  16.4   5.8   4. ]
 [  6.  226.8   3.6   5.4   5.2]
 [ 19.6   3.8 118.   25.8   3.6]
 [  8.4   7.   30.4 243.    1. ]
 [  5.    3.8   1.2   2.  163. ]]",0.8507270236605669,0.8509649021231261,0.853390081229365,1200
30,30,MLP TFIDF,0.8631199278629396,"[[229.6   6.6  18.2   6.8   4.4]
 [  5.6 221.2   3.    3.6   5. ]
 [ 13.6   3.  108.8  19.6   2.8]
 [  9.2   5.2  31.4 239.4   0.8]
 [  4.8   3.8   1.6   2.8 158.2]]",0.8552723921124834,0.8540886814497671,0.8588689436791404,1240
31,31,MLP TFIDF,0.8617399438727784,"[[220.6   7.   16.4   6.8   3.6]
 [  4.8 212.8   3.4   4.2   5.2]
 [ 14.6   2.4 105.2  19.    3. ]
 [  8.6   6.4  30.4 230.4   1. ]
 [  3.8   3.4   1.2   2.6 152.2]]",0.8543971688970172,0.8530040271565735,0.8581820478613856,1280
32,32,MLP TFIDF,0.8602526724975705,"[[208.2   5.8  14.    6.4   3.2]
 [  5.2 207.4   2.8   3.    5. ]
 [ 15.8   2.4 104.6  22.8   3. ]
 [  8.6   5.6  28.4 218.8   1.2]
 [  4.2   3.4   1.    2.  146.2]]",0.8536050196810698,0.8532123644350359,0.8562044815862082,1320
33,33,MLP TFIDF,0.8634984833164813,"[[200.8   6.2  13.8   7.4   3.4]
 [  4.4 198.    3.    3.    4.4]
 [ 14.4   1.8 101.8  19.    2.2]
 [  7.    6.   27.6 212.2   1.2]
 [  4.6   3.    0.6   2.  141.2]]",0.8574632314079876,0.8566346537857477,0.8599197624369734,1360
34,34,MLP TFIDF,0.8640674394099053,"[[192.    5.6  14.2   6.4   3.4]
 [  4.8 190.    3.    3.2   4. ]
 [ 11.8   1.8  96.6  16.2   2.2]
 [  7.4   6.8  27.6 206.2   1.2]
 [  4.2   2.4   0.6   2.2 135.2]]",0.8579380738861853,0.8565989867238823,0.8627449059875845,1400
35,35,MLP TFIDF,0.8657865786578658,"[[184.    5.4  14.8   6.4   4. ]
 [  3.8 183.2   2.2   2.8   3.6]
 [ 11.8   2.   92.   14.6   2. ]
 [  6.8   6.8  24.8 198.    0.8]
 [  4.2   2.2   1.    2.  129.8]]",0.8589538406686545,0.8573040472841272,0.8628079243309624,1440
36,36,MLP TFIDF,0.8639815880322209,"[[177.    6.4  15.    6.6   4.6]
 [  3.  174.4   2.    2.8   3.4]
 [ 10.8   2.6  87.8  16.6   1.8]
 [  5.6   5.   23.4 187.6   0.4]
 [  4.    2.2   0.8   1.2 124. ]]",0.8571523224189079,0.8561878061377526,0.8604724699789402,1480
37,37,MLP TFIDF,0.8673100120627261,"[[168.    4.4  13.2   5.8   3.2]
 [  4.  169.    2.    2.8   3.6]
 [ 10.6   2.   86.   18.2   2.2]
 [  5.4   3.   20.8 177.2   0.2]
 [  4.    2.6   1.    1.  118.8]]",0.8606503018655889,0.8603895956069418,0.8627497569172997,1520
38,38,MLP TFIDF,0.8671736375158428,"[[157.    4.   12.4   5.4   3. ]
 [  4.  161.8   2.2   2.4   3.8]
 [ 10.6   1.8  80.2  14.6   1.6]
 [  5.6   2.8  22.4 171.8   0.4]
 [  3.4   2.8   1.    0.6 113.4]]",0.8597417550617097,0.8591590275946152,0.8629447231503302,1560
39,39,MLP TFIDF,0.8678237650200267,"[[149.6   4.4  11.2   5.4   2.6]
 [  3.6 153.2   2.    2.    2.6]
 [  9.4   1.6  76.   12.6   1.8]
 [  4.8   4.4  22.8 164.2   0.8]
 [  3.4   2.    1.    0.6 107. ]]",0.8609403944627596,0.8591265702092526,0.8661910800366917,1600
40,40,MLP TFIDF,0.8662905500705218,"[[141.8   3.6  11.6   4.6   2.2]
 [  4.2 145.4   2.2   2.6   2.8]
 [  8.8   2.2  72.8  14.2   2. ]
 [  4.4   3.   20.4 153.6   0.2]
 [  3.2   1.4   0.6   0.6 100.6]]",0.8597728040191829,0.8590536132333779,0.8641133258085348,1640
41,41,MLP TFIDF,0.8669656203288489,"[[136.    3.4  11.    4.    2.6]
 [  3.4 135.8   2.2   2.4   2.8]
 [  8.4   1.6  68.8  13.6   1.8]
 [  4.2   3.   18.6 146.4   0.8]
 [  2.8   1.2   0.6   0.6  93. ]]",0.8602311447276609,0.8583512987542365,0.8644803435310798,1680
42,42,MLP TFIDF,0.8639109697933229,"[[126.4   3.6  10.8   4.2   3. ]
 [  2.4 126.8   2.    2.2   2.4]
 [  8.    2.   65.   14.6   1.8]
 [  3.6   2.4  17.2 137.8   0.6]
 [  2.6   1.4   0.4   0.4  87.4]]",0.857631223974303,0.8565843457276819,0.8601387957391463,1720
43,43,MLP TFIDF,0.866893039049236,"[[116.2   3.6   9.4   3.8   2.4]
 [  2.6 119.    1.6   2.2   2.4]
 [  7.4   1.4  61.   10.8   1.8]
 [  3.6   3.   18.2 131.6   0.2]
 [  2.2   1.    0.4   0.4  82.8]]",0.8608798524265173,0.8587150194149272,0.8649234660193356,1760
44,44,MLP TFIDF,0.8721311475409836,"[[112.    2.2   8.8   4.    2.2]
 [  3.2 113.    2.    2.8   2.4]
 [  5.8   2.   57.   10.6   1.2]
 [  2.4   2.4  14.4 121.4   0.2]
 [  2.    1.    0.4   0.2  75.4]]",0.8657122092283875,0.8648408943870602,0.8681920239652408,1800
45,45,MLP TFIDF,0.8703339882121807,"[[102.    2.8   8.4   3.8   2. ]
 [  2.6 105.8   1.2   2.    1.6]
 [  6.6   1.   50.2  10.    1.6]
 [  2.    2.   14.6 114.    0.4]
 [  1.8   1.2   0.2   0.2  71. ]]",0.8620158289222151,0.8605450718007819,0.8660578700764127,1840
46,46,MLP TFIDF,0.8767590618336888,"[[ 93.4   1.8   8.    3.4   2. ]
 [  2.6 100.2   1.    2.    1.6]
 [  4.8   0.8  46.8   9.2   1.4]
 [  2.2   2.   12.  104.2   0.4]
 [  1.6   1.    0.    0.   66.6]]",0.8691817116124371,0.8670382309623024,0.8743444451473591,1880
47,47,MLP TFIDF,0.8741258741258742,"[[83.8  1.6  6.4  3.   1.6]
 [ 2.2 91.   0.8  1.4  1.8]
 [ 4.6  0.4 41.   8.   1.2]
 [ 2.6  1.4 13.6 96.   0. ]
 [ 1.8  1.   0.4  0.2 63.2]]",0.8649275025031834,0.8626069812903608,0.8700319322327215,1920
48,48,MLP TFIDF,0.8709511568123393,"[[76.6  1.6  5.4  3.2  1.8]
 [ 2.2 82.   0.8  1.4  1.2]
 [ 4.2  0.6 37.8  7.8  1.4]
 [ 2.8  1.2 12.2 86.6  0. ]
 [ 1.2  1.   0.2  0.  55.8]]",0.8624910572227934,0.8601044906952742,0.8675223967237569,1960
49,49,MLP TFIDF,0.8750716332378223,"[[69.8  1.6  5.4  3.6  1.4]
 [ 2.  73.2  0.4  1.   1. ]
 [ 3.4  0.4 34.4  6.6  1. ]
 [ 2.2  1.  10.2 78.   0. ]
 [ 1.   1.   0.2  0.2 50. ]]",0.868172654480051,0.8668727852095074,0.8718612516134179,2000
50,50,MLP TFIDF,0.8802588996763754,"[[62.   1.2  4.8  3.2  0.6]
 [ 1.4 64.2  0.4  0.8  0.6]
 [ 2.8  0.6 30.6  4.8  1.2]
 [ 2.2  1.8  9.4 70.6  0. ]
 [ 0.2  1.   0.   0.  44.6]]",0.8739038092036248,0.8707493887147091,0.8818368945994747,2040
51,51,MLP TFIDF,0.8840148698884758,"[[55.2  1.   3.6  3.2  0.6]
 [ 1.6 58.4  0.4  0.8  0.2]
 [ 2.4  0.2 26.2  4.4  1. ]
 [ 1.2  1.2  8.4 60.6  0. ]
 [ 0.2  0.8  0.   0.  37.4]]",0.8767696261258904,0.8745978181965398,0.8835327944448116,2080
52,52,MLP TFIDF,0.8829694323144105,"[[47.2  0.6  3.4  2.8  0.6]
 [ 1.  49.2  0.2  0.6  0.2]
 [ 2.2  0.2 23.2  4.2  0.6]
 [ 1.2  1.2  6.6 49.2  0. ]
 [ 0.2  1.   0.   0.  33.4]]",0.8760392217860822,0.8755903918335163,0.8818719907768354,2120
0,0,MLP W2V,0.27241229969683844,"[[ 72.4  43.6  29.6  35.6  34. ]
 [ 36.   49.8  21.6  27.8  14.2]
 [  6.6   3.6   1.4   3.2   1. ]
 [420.6 394.8 297.4 501.  303.4]
 [  3.4   1.4   1.    1.2   4.4]]",0.12655131819648802,0.2267677945739309,0.2323793503138231,40
1,1,MLP W2V,0.3235786690171882,"[[8.680e+01 3.720e+01 2.980e+01 2.940e+01 3.100e+01]
 [7.220e+01 1.508e+02 2.800e+01 4.780e+01 3.960e+01]
 [6.000e-01 4.000e-01 6.000e-01 4.000e-01 0.000e+00]
 [3.534e+02 2.908e+02 2.794e+02 4.712e+02 2.558e+02]
 [1.620e+01 5.800e+00 7.600e+00 9.400e+00 2.480e+01]]",0.1974492953387665,0.2789101528009105,0.2694972582717445,80
2,2,MLP W2V,0.3603409600717811,"[[ 81.2  40.2  28.8  24.6  30.6]
 [172.2 282.4  79.  100.  106.8]
 [ 11.2   7.8   9.    3.8   3.2]
 [249.6 141.8 219.6 420.  193.2]
 [  8.8   2.6   1.2   0.8  10.6]]",0.23660935257638016,0.3150674910256907,0.4273491341699679,120
3,3,MLP W2V,0.3788031064412974,"[[174.   79.6  85.   76.2  80.8]
 [139.6 263.6  65.4  91.6  99.8]
 [ 22.   14.4  23.4  18.4  11.4]
 [165.4 104.2 151.6 343.6 121.6]
 [ 12.4   4.    6.6   9.8  24.6]]",0.28022387944607924,0.33801342867097417,0.4332546208989931,160
4,4,MLP W2V,0.3848301535597952,"[[138.2  49.6  43.   31.6  39. ]
 [106.4 213.   50.4  63.   69.6]
 [ 13.4   4.4  14.8   2.6   5. ]
 [226.8 185.  210.8 426.  184. ]
 [ 20.    5.2   6.8   5.4  35. ]]",0.29687404104264026,0.3400481730885023,0.4762519233416617,200
5,5,MLP W2V,0.3921289710763395,"[[154.4  63.   58.2  54.   56.6]
 [148.  265.4  73.8  88.6 108.6]
 [ 27.2  17.4  27.6  16.6  16.2]
 [155.2 101.6 153.4 351.6 116.8]
 [ 10.6   2.2   5.6   8.4  28. ]]",0.3004234686004524,0.351832176973056,0.4116154676540873,240
6,6,MLP W2V,0.4103431609473176,"[[177.   71.4  73.   59.   56.2]
 [103.4 223.4  47.8  54.6  65.4]
 [  4.6   1.    6.4   1.4   1. ]
 [169.  131.2 164.4 373.6 128.4]
 [ 33.   14.4  21.4  19.4  68.6]]",0.3277721995683706,0.3692006022122105,0.4194591060216524,280
7,7,MLP W2V,0.4303597831444061,"[[197.6  70.2  74.4  54.8  65.2]
 [ 92.8 235.6  39.2  52.8  67.4]
 [ 15.2   3.8  20.    6.    6. ]
 [156.  118.4 161.2 372.8 127.8]
 [ 15.6   4.   11.4  13.6  47.2]]",0.35330469681331605,0.3853925506792702,0.4270622003526162,320
8,8,MLP W2V,0.41649069884364004,"[[196.6  71.6  79.6  81.   71.8]
 [121.  249.   66.6  80.4  91.4]
 [ 23.4  14.2  29.8  11.   15. ]
 [105.8  82.  114.4 304.8  79.4]
 [ 19.2   6.   11.   15.8  48.2]]",0.3467045050321316,0.3786146987700488,0.4697714884146392,360
9,9,MLP W2V,0.4469984607491021,"[[157.8  37.8  50.   39.8  34.4]
 [115.2 268.2  58.4  84.2  77.6]
 [ 31.6   9.   41.8  18.2  16.4]
 [103.4  81.2 116.4 306.8  72. ]
 [ 48.8  19.4  27.8  36.2  96.6]]",0.3984045237818356,0.4194744436093389,0.4489748835344619,400
10,10,MLP W2V,0.4523834468308015,"[[204.4  60.4  78.6  63.2  75. ]
 [ 95.2 262.8  51.4  78.6  68.2]
 [ 30.2   9.   37.4  15.8  12.8]
 [ 80.2  64.8  99.2 283.8  61. ]
 [ 36.6  11.2  22.8  31.2  75.2]]",0.3954169824233235,0.4195475838806055,0.4467726787900599,440
11,11,MLP W2V,0.4474050294275013,"[[196.6  63.   76.   60.   67.2]
 [ 64.6 221.4  32.   45.6  48.2]
 [ 25.8   6.2  29.2  14.6  10.4]
 [109.2  92.2 121.4 309.4  80.2]
 [ 42.6  16.6  24.   33.   79.6]]",0.388998116255808,0.4123449511612892,0.4844568841593624,480
12,12,MLP W2V,0.4544559868780754,"[[195.4  55.4  70.8  49.6  62.6]
 [ 80.8 231.2  41.8  57.   54.4]
 [  9.2   1.6  12.2   2.    2.6]
 [107.2  91.  125.8 317.4  84. ]
 [ 37.8  11.4  24.   28.8  75. ]]",0.3832737902149449,0.41279281471603896,0.48523979705759496,520
13,13,MLP W2V,0.4562325321408608,"[[182.2  46.8  62.8  47.4  55.8]
 [ 94.8 251.8  52.6  78.2  65.4]
 [ 25.2   5.   33.   12.8  12. ]
 [ 77.   62.6  93.8 266.   56.4]
 [ 42.2  15.2  26.2  40.6  83.2]]",0.3983463514727559,0.4263724539677116,0.4662476651408906,560
14,14,MLP W2V,0.4638078902229846,"[[183.   50.4  61.8  45.4  54.8]
 [ 84.6 234.6  41.8  59.   58.2]
 [ 27.2   6.   35.8  21.2  11. ]
 [ 82.   69.6 101.  278.2  64.6]
 [ 33.   13.6  21.   31.6  79.6]]",0.412097265277772,0.4310418354565043,0.4792384164801476,600
15,15,MLP W2V,0.4645991808074898,"[[188.2  52.   65.2  50.4  57. ]
 [ 63.2 213.2  31.4  47.6  45.4]
 [ 33.2   9.4  38.8  19.   15. ]
 [ 76.8  67.4  90.2 265.6  58.4]
 [ 39.4  23.   29.   42.   88.2]]",0.41694662400649896,0.4355788236310536,0.4699920405753376,640
16,16,MLP W2V,0.4696225284601557,"[[184.   50.   63.4  51.2  57.8]
 [ 87.  237.   46.6  70.8  66.4]
 [ 36.    9.8  51.8  25.4  22.2]
 [ 61.8  51.2  70.4 243.2  43.8]
 [ 22.2   8.6  15.6  25.   67.8]]",0.4281561036206222,0.4397993616563508,0.4729236405645535,680
17,17,MLP W2V,0.4823818293431553,"[[210.4  60.2  76.8  61.6  75.4]
 [ 68.8 219.4  35.6  53.2  56. ]
 [ 24.    6.4  39.   14.4  13.8]
 [ 62.2  56.   79.2 260.6  50.4]
 [ 15.2   5.2  11.8  17.   56.4]]",0.43017534816773584,0.4427354814650805,0.4927753450594617,720
18,18,MLP W2V,0.4799244808055381,"[[197.4  52.6  75.8  57.2  66.4]
 [ 72.  221.6  39.8  58.4  57.2]
 [ 19.2   4.6  28.2  10.4   7.8]
 [ 60.2  54.2  78.  248.8  48. ]
 [ 21.    7.6  14.4  21.6  66.6]]",0.4246436596612228,0.4416156530498899,0.4820922018856093,760
19,19,MLP W2V,0.4887023886378309,"[[183.8  46.   63.8  45.6  52.4]
 [ 64.6 206.   32.6  45.8  44.2]
 [ 14.    3.6  26.8   8.2   8.2]
 [ 71.4  64.2  88.4 260.   55.8]
 [ 25.8  12.8  18.2  26.4  80.4]]",0.4376518329312519,0.4517200678383996,0.4929185509814405,800
20,20,MLP W2V,0.4815109343936381,"[[188.2  48.6  71.2  57.   53.8]
 [ 62.6 203.6  34.4  48.4  49.6]
 [ 16.4   3.4  24.8   8.    7.6]
 [ 59.4  52.6  72.4 234.   47.8]
 [ 24.2  15.8  21.   28.2  76. ]]",0.4271496927534544,0.4461002768973477,0.4959093880171279,840
21,21,MLP W2V,0.4759700476514636,"[[163.6  40.4  56.6  41.2  46.8]
 [ 70.2 205.8  39.4  55.2  50.2]
 [ 15.4   4.6  26.   12.2   9. ]
 [ 66.   55.2  74.4 230.4  48.2]
 [ 26.4  11.   21.4  26.   73.4]]",0.4235634625500999,0.4420133788393481,0.4841284782104604,880
22,22,MLP W2V,0.4883135059482155,"[[211.4  65.   89.   69.6  74.6]
 [ 46.8 185.6  26.8  43.2  32.8]
 [  9.8   4.   22.8   9.8   6.2]
 [ 46.2  43.4  57.6 208.   37. ]
 [ 18.8  11.   16.4  23.2  70. ]]",0.4365240659214607,0.4508724654335129,0.4994342901064107,920
23,23,MLP W2V,0.4969042476601872,"[[166.8  36.8  52.4  36.8  45.6]
 [ 57.6 195.2  31.8  44.2  44.2]
 [ 23.6   6.   36.   17.8  14.4]
 [ 60.4  54.4  72.4 230.8  49.6]
 [ 15.    7.2  13.2  15.4  61.4]]",0.4495601254300617,0.4599901719670917,0.4988391994485649,960
24,24,MLP W2V,0.4947368421052632,"[[161.2  37.4  55.4  33.   43.2]
 [ 47.6 173.6  22.6  34.2  30. ]
 [ 16.4   5.2  28.8  11.6   7.2]
 [ 65.8  61.   74.4 228.2  50.8]
 [ 24.4  14.8  20.   26.6  75.6]]",0.4479742542698544,0.4621987683190195,0.5136434357478489,1000
25,25,MLP W2V,0.4785332314744079,"[[140.6  30.   47.6  39.4  29.6]
 [ 73.4 197.8  47.   64.2  49. ]
 [ 22.    7.2  30.6  19.   11.8]
 [ 35.8  28.4  42.6 166.6  18. ]
 [ 33.8  19.2  27.6  37.   90.8]]",0.4366469442278895,0.4581107622930487,0.488047136139128,1040
26,26,MLP W2V,0.5005516154452324,"[[162.8  42.4  63.   42.6  44.6]
 [ 45.4 164.4  22.   29.6  24.6]
 [ 12.2   2.8  21.    6.8   5.2]
 [ 50.8  47.   62.  203.8  36.8]
 [ 26.6  17.6  22.4  29.4  83.2]]",0.4550678403310824,0.4685203090662514,0.498308866934613,1080
27,27,MLP W2V,0.5018714401952808,"[[146.8  29.8  51.8  32.   36.2]
 [ 45.2 165.   24.6  32.8  34. ]
 [ 14.8   3.6  25.4   8.4   6.6]
 [ 56.4  49.4  66.2 205.2  37.4]
 [ 25.4  16.8  17.4  23.4  74.4]]",0.4564216097035572,0.4705671522578697,0.5024711391775185,1120
28,28,MLP W2V,0.4990748528174936,"[[130.6  27.2  43.2  27.8  29.2]
 [ 53.8 165.8  27.   38.2  34.2]
 [ 19.2   4.6  32.6  14.6  10.4]
 [ 52.6  43.4  54.6 185.2  29.8]
 [ 25.6  15.8  20.2  24.2  79.2]]",0.4636872795925309,0.4755732060244474,0.5032773329737252,1160
29,29,MLP W2V,0.4906875543951262,"[[156.4  42.4  62.   49.   42.8]
 [ 35.4 140.6  18.8  28.8  23.2]
 [ 13.2   4.   18.2   9.    6.6]
 [ 44.6  44.8  49.6 169.8  25.4]
 [ 23.   16.2  21.   25.4  78.8]]",0.4446843116832295,0.4609108030430434,0.495008169033375,1200
30,30,MLP W2V,0.5064021641118124,"[[159.8  44.2  65.2  45.4  49.8]
 [ 39.4 148.6  18.6  30.4  26.2]
 [  8.6   1.8  17.    5.2   5. ]
 [ 38.6  36.2  47.2 172.8  26.8]
 [ 16.4   9.   15.   18.4  63.4]]",0.455812694639305,0.4684908215291025,0.5099202222443247,1240
31,31,MLP W2V,0.4985968194574369,"[[149.4  43.2  61.2  43.   48.8]
 [ 42.2 143.8  19.6  32.6  28.6]
 [ 10.2   3.4  16.2   6.2   4.8]
 [ 37.4  35.4  46.4 168.6  27.8]
 [ 13.2   6.2  13.2  12.6  55. ]]",0.4461981962323094,0.4590464429451291,0.497832673714205,1280
32,32,MLP W2V,0.5030126336248786,"[[124.6  27.2  38.2  24.2  33.8]
 [ 42.  138.6  22.   33.6  32.6]
 [ 12.    4.   22.8   6.8   5.6]
 [ 49.   46.4  57.8 179.   34. ]
 [ 14.4   8.4  10.    9.4  52.6]]",0.4560876226310192,0.4663996825397386,0.5284583955469208,1320
33,33,MLP W2V,0.5118301314459048,"[[123.8  26.6  41.4  25.6  33. ]
 [ 36.2 133.6  17.2  25.4  25.4]
 [ 14.6   4.2  24.    9.8   7.6]
 [ 41.   38.8  50.8 167.6  29.2]
 [ 15.6  11.8  13.4  15.2  57.2]]",0.469782806980441,0.478543573423149,0.5069459946654821,1360
34,34,MLP W2V,0.5064278187565858,"[[126.8  36.6  48.   33.8  37.6]
 [ 30.4 121.2  13.4  23.   19.8]
 [ 12.4   4.4  23.2  10.2   5.8]
 [ 32.4  32.4  41.4 147.   20.4]
 [ 18.2  12.   16.   20.2  62.4]]",0.4671951331828761,0.4767626570030033,0.5133063056427798,1400
35,35,MLP W2V,0.5016501650165017,"[[109.6  24.8  37.8  26.2  26.6]
 [ 43.6 133.6  22.8  33.6  29.4]
 [  8.8   2.2  17.8   6.    4.8]
 [ 35.4  31.2  43.8 143.8  28.2]
 [ 13.2   7.8  12.6  14.2  51.2]]",0.4550677933101032,0.4674280774858469,0.5103925405579914,1440
36,36,MLP W2V,0.5031070195627159,"[[105.6  23.4  35.   23.6  27.8]
 [ 28.2 114.4  14.8  23.2  20.8]
 [ 14.8   7.   24.   10.6   9.6]
 [ 33.2  31.   39.6 138.4  21.2]
 [ 18.6  14.8  15.6  19.   54.8]]",0.4613567629105567,0.4770034971321503,0.507499253751599,1480
37,37,MLP W2V,0.5102533172496984,"[[107.4  29.8  36.2  23.8  29.8]
 [ 20.   96.6   7.   13.8  11.4]
 [ 12.    6.   23.4   8.2   6.8]
 [ 36.2  37.   39.8 143.4  27.8]
 [ 16.4  11.6  16.6  15.8  52.2]]",0.4724753542864332,0.4797285334778851,0.5237606098441343,1520
38,38,MLP W2V,0.5034220532319391,"[[104.8  28.6  40.   27.   30.8]
 [ 29.  108.8  15.4  25.6  21.6]
 [  7.6   1.6  16.6   6.4   5.2]
 [ 31.6  28.4  36.4 127.2  24.8]
 [  7.6   5.8   9.8   8.6  39.8]]",0.4576829755041463,0.4665813254849168,0.5127649071309047,1560
39,39,MLP W2V,0.5105473965287048,"[[108.8  31.6  40.   26.6  32.2]
 [ 20.6  97.2  10.2  19.6  15.6]
 [ 10.2   5.   23.8  12.8  10. ]
 [ 22.8  22.4  28.6 113.8  18.2]
 [  8.4   9.4  10.4  12.   38.8]]",0.4745004189778549,0.4798718736079207,0.508745123738365,1600
40,40,MLP W2V,0.5035260930888575,"[[ 89.4  23.   33.6  19.4  25.2]
 [ 24.   94.4  12.4  19.2  17.2]
 [  6.4   1.4  12.6   3.4   2.6]
 [ 32.   28.8  39.  123.8  26. ]
 [ 10.6   8.   10.    9.8  36.8]]",0.4517907302053613,0.4664513791005871,0.5299733162839461,1640
41,41,MLP W2V,0.5082212257100149,"[[ 76.4  14.8  21.4  11.6  15. ]
 [ 26.   90.   13.   21.6  16.2]
 [ 10.2   3.2  17.4   8.2   6. ]
 [ 30.   28.   36.6 114.4  22. ]
 [ 12.2   9.   12.8  11.2  41.8]]",0.4668531466797356,0.4782032782370164,0.5154561150630839,1680
42,42,MLP W2V,0.5109697933227345,"[[83.6 20.2 27.2 17.4 19.8]
 [20.2 83.4 12.6 21.6 14.2]
 [ 7.   1.6 16.6  7.2  5.2]
 [22.6 21.8 26.  99.6 17.8]
 [ 9.6  9.2 13.  13.4 38.2]]",0.4683067927152857,0.4811918647513947,0.5191362759750848,1720
43,43,MLP W2V,0.5147707979626486,"[[72.8 18.  23.6 14.6 19. ]
 [20.2 79.4 11.8 17.6 13.8]
 [ 7.   1.6 14.8  5.8  4. ]
 [22.2 22.2 29.2 99.4 16. ]
 [ 9.8  6.8 11.2 11.4 36.8]]",0.4724734400140974,0.4848848157604925,0.5176300845640046,1760
44,44,MLP W2V,0.5020036429872496,"[[68.  16.  19.8 16.6 16.8]
 [26.6 84.2 20.2 26.  20.2]
 [ 5.6  2.  11.4  4.8  3. ]
 [16.4 13.6 20.4 82.6 12. ]
 [ 8.8  4.8 10.8  9.  29.4]]",0.4517635162676018,0.4667503559577145,0.5130236078734198,1800
45,45,MLP W2V,0.5273084479371317,"[[67.6 18.8 20.6 16.4 19.4]
 [15.  69.8  6.2 13.2 10.2]
 [ 8.   2.8 16.   6.6  4.8]
 [19.2 17.2 23.8 88.4 15.6]
 [ 5.2  4.2  8.   5.4 26.6]]",0.4865092164776508,0.4925097019640229,0.5324700702214769,1840
46,46,MLP W2V,0.5253731343283583,"[[51.8  9.8 13.6  9.6  9.6]
 [16.8 68.4  7.  14.4 11.4]
 [ 9.6  4.6 15.6  9.2  6.8]
 [13.4 14.  18.2 74.   7.6]
 [13.   9.  13.4 11.6 36.6]]",0.4938045147070249,0.5038846484917807,0.5207385380449437,1880
47,47,MLP W2V,0.5328671328671328,"[[48.8 11.  11.6  8.8 10.8]
 [13.4 60.4  6.6 11.  10.4]
 [ 7.   1.8 13.4  4.4  4.6]
 [17.4 16.8 22.6 78.2 14.2]
 [ 8.4  5.4  8.   6.2 27.8]]",0.4925423875737279,0.4983291823170354,0.5227542842300535,1920
48,48,MLP W2V,0.5305912596401028,"[[45.8  9.4 11.6  8.  10.2]
 [10.2 55.2  5.  12.2  8.8]
 [ 8.6  3.  14.8  6.4  5.4]
 [14.8 12.4 17.  63.6  8.8]
 [ 7.6  6.4  8.   8.8 27. ]]",0.4962733900875757,0.5020911914985133,0.5157931943626691,1960
49,49,MLP W2V,0.529512893982808,"[[46.2  9.8 12.6  9.4 10.6]
 [ 6.4 43.8  2.6  6.4  5.4]
 [ 2.8  1.2  8.4  4.   3.2]
 [16.2 16.  19.4 61.2  9. ]
 [ 6.8  6.4  7.6  8.4 25.2]]",0.48799464912027096,0.4939747739269926,0.5325412563805179,2000
50,50,MLP W2V,0.5398058252427185,"[[38.6  6.2  7.2  7.   7.8]
 [ 8.2 41.6  5.8  7.8  7.2]
 [ 6.6  3.4 13.   5.   5.2]
 [10.4 13.  14.8 54.2  7.4]
 [ 4.8  4.6  4.4  5.4 19.4]]",0.5066266444532477,0.5085603368824114,0.5294829532255513,2040
51,51,MLP W2V,0.5442379182156134,"[[32.2  4.   6.   6.4  6.8]
 [ 7.8 39.4  2.8  7.   5.8]
 [ 4.8  2.4  8.6  2.6  2.8]
 [11.8 12.  16.4 50.4  8. ]
 [ 4.   3.8  4.8  2.6 15.8]]",0.5036195283840328,0.5055620477804939,0.5378284874351905,2080
52,52,MLP W2V,0.5397379912663756,"[[28.8  4.4  6.4  5.6  6.2]
 [ 8.4 35.6  4.4  9.2  6.4]
 [ 3.   0.8  7.2  1.8  2. ]
 [ 7.4  8.4 11.4 37.   5.2]
 [ 4.2  3.   4.   3.2 15. ]]",0.4983085693288555,0.5043149788378776,0.5325713815979347,2120
0,0,MLP Hybrid OLD,0.4185361628410568,"[[ 80.6  17.   16.    7.8  13.2]
 [ 97.6 245.4  39.   34.4  42.6]
 [ 67.8  38.4  51.   47.8  22.6]
 [249.4 181.  228.  470.8 160. ]
 [ 43.6  11.4  17.    8.  118.6]]",0.3381347116403112,0.3912403795474486,0.4610104401765306,40
1,1,MLP Hybrid OLD,0.4850594975760247,"[[218.8  41.4  42.8  18.   22.8]
 [ 19.  192.    4.4   5.   10. ]
 [ 11.2   7.4  27.6   8.    2.2]
 [245.6 228.4 256.6 522.  176. ]
 [ 34.6  15.8  14.    5.2 140.2]]",0.4263167994485047,0.4451618942947572,0.6492070232189174,80
2,2,MLP Hybrid OLD,0.6001794526693585,"[[266.   41.4  47.8  27.4  26.6]
 [ 51.  314.2  20.   26.2  29. ]
 [ 47.   19.4  95.4  25.2  20.8]
 [ 97.8  74.8 140.2 449.4  55.2]
 [ 61.2  25.   34.2  21.  212.8]]",0.567023236503293,0.5785514886687153,0.6636121760154572,120
3,3,MLP Hybrid OLD,0.6424851530379169,"[[333.6  52.   83.6  44.6  39.6]
 [ 63.  347.4  36.6  36.6  40.4]
 [ 46.2  18.8 102.6  32.   15.6]
 [ 45.6  37.6  95.6 412.2  32. ]
 [ 25.   10.   13.6  14.2 210.6]]",0.6111512713518567,0.6195199945477688,0.6958108349359865,160
4,4,MLP Hybrid OLD,0.6354583527221964,"[[300.8  47.8  47.2  28.4  23.2]
 [ 41.2 299.   18.8  23.   21.2]
 [ 41.4  18.6 111.8  33.8  15.8]
 [ 92.   77.  134.8 435.2  53.6]
 [ 29.4  14.8  13.2   8.2 218.8]]",0.6113207363767085,0.6159250729381076,0.7220573968065036,200
5,5,MLP Hybrid OLD,0.6959696538643907,"[[357.   32.   55.   25.8  25.6]
 [ 49.4 346.4  41.2  36.2  41.8]
 [ 32.6  21.2 128.   34.   14.2]
 [ 33.8  36.4  80.6 414.2  22.4]
 [ 22.6  13.6  13.8   9.  222.2]]",0.674177237065349,0.6751388910195428,0.7222499805927225,240
6,6,MLP Hybrid OLD,0.7122281295311745,"[[332.6  28.8  45.   18.6  21.2]
 [ 39.2 343.2  24.6  22.   24.6]
 [ 40.2  11.  137.6  28.6  21.6]
 [ 49.   45.4  93.2 432.6  24.6]
 [ 26.   13.   12.6   6.2 227.6]]",0.6951840757359515,0.6931922632897948,0.7419663874239493,280
7,7,MLP Hybrid OLD,0.7363233119763429,"[[350.2  23.2  39.   16.4  14.2]
 [ 30.2 335.6  16.8  17.   19.4]
 [ 35.8  11.4 136.4  22.2  18.6]
 [ 44.2  47.2  97.8 437.   26.6]
 [ 16.8  14.6  16.2   7.4 234.8]]",0.718704971193208,0.7163125591316001,0.7490453637616452,320
8,8,MLP Hybrid OLD,0.7195575666163901,"[[402.2  77.2  93.6  66.   48.8]
 [ 14.2 304.6  13.2  16.4  15.4]
 [ 29.4  17.  138.   39.8  13.2]
 [ 10.6  12.4  46.6 362.    4. ]
 [  9.6  11.6  10.    8.8 224.4]]",0.7060704872315433,0.7020436661723403,0.7778356623783279,360
9,9,MLP Hybrid OLD,0.7468445356593124,"[[346.6  23.6  46.6  19.6  20.2]
 [ 28.8 351.6  23.8  22.8  27.2]
 [ 38.   12.2 133.6  32.4  13.4]
 [ 24.6  17.   68.6 400.   12.4]
 [ 18.8  11.2  21.8  10.4 223.8]]",0.726606946972875,0.7276173734500402,0.7732314306287302,400
10,10,MLP Hybrid OLD,0.7675222629649031,"[[366.8  36.   40.6  24.   15. ]
 [  7.4 313.2   8.8   9.   11.4]
 [ 39.4  21.6 161.6  47.6  17. ]
 [ 23.   22.8  68.  384.    9.2]
 [ 10.   14.6  10.4   8.  239.6]]",0.7580090562419441,0.7570750821390384,0.7855191082650954,440
11,11,MLP Hybrid OLD,0.7819154628143392,"[[342.2  20.   29.   13.   11.8]
 [ 16.2 327.4   9.6   9.8  11.8]
 [ 52.2  25.  180.8  58.4  21.6]
 [ 16.4  18.   57.4 377.6   7. ]
 [ 11.8   9.    5.8   3.8 233.4]]",0.7767679059650948,0.7751448731539964,0.7956170506341823,480
12,12,MLP Hybrid OLD,0.7609622744669218,"[[335.   19.2  28.2  11.4  14. ]
 [  9.4 294.8   6.    8.    7. ]
 [ 42.4  29.2 163.   55.   14.8]
 [ 22.2  28.8  62.  369.2  13. ]
 [ 21.4  18.6  15.4  11.2 229.8]]",0.7522075091899925,0.7536191140867778,0.7900180991248872,520
13,13,MLP Hybrid OLD,0.7765231973169369,"[[324.6  17.6  32.   18.8  11.8]
 [ 15.8 317.2   7.    9.6  10.8]
 [ 25.6  12.  147.6  40.6   7.4]
 [ 44.2  26.4  75.8 370.8  13.8]
 [ 11.2   8.2   6.    5.2 229. ]]",0.7681739841983976,0.7657949507562425,0.8077206254968488,560
14,14,MLP Hybrid OLD,0.8105202973127502,"[[340.4  14.   34.4  13.4   9.8]
 [ 14.8 324.   10.6  12.6   9.8]
 [ 24.8   7.4 149.   30.4   7. ]
 [ 17.4  19.4  56.4 369.    6.4]
 [ 12.4   9.4  11.   10.  235.2]]",0.7988878160223599,0.798537837448988,0.8127095383592913,600
15,15,MLP Hybrid OLD,0.8214160327677004,"[[324.4  14.4  24.6   9.2   6.6]
 [ 13.2 315.8   8.2  10.4  10. ]
 [ 37.6  13.2 164.8  33.2  10. ]
 [ 16.   13.8  51.4 366.8   5.4]
 [  9.6   7.8   5.6   5.  232. ]]",0.8136148268003741,0.813176474833855,0.8198878844411011,640
16,16,MLP Hybrid OLD,0.7905332534451768,"[[312.8  25.   34.4  11.2  10.8]
 [ 15.6 295.2  12.4   7.   10.4]
 [ 35.   13.  139.   38.6  13.2]
 [ 22.   18.6  59.4 356.8   8. ]
 [  5.6   4.8   2.6   2.  215.6]]",0.7800854954686693,0.7759377558858945,0.8275647571409814,680
17,17,MLP Hybrid OLD,0.8096992019643953,"[[293.2   6.4  25.6  10.    7.4]
 [ 15.4 308.4  12.   11.6  11.8]
 [ 43.8  12.8 159.   43.6   5. ]
 [  9.8   8.8  38.6 333.2   2.6]
 [ 18.4  10.8   7.2   8.4 225.2]]",0.8014378416111543,0.8062367538937174,0.8164020079699472,720
18,18,MLP Hybrid OLD,0.8332284455632472,"[[320.6  15.2  34.   13.2   8.8]
 [  9.2 297.8   8.8   7.4   6.8]
 [ 19.    7.2 134.8  22.6   5. ]
 [ 12.4  12.8  53.  348.2   2.8]
 [  8.6   7.6   5.6   5.  222.6]]",0.8206863304951459,0.8194075482783264,0.8354255032918827,760
19,19,MLP Hybrid OLD,0.8238863783085861,"[[302.2  10.4  23.    9.4   5.4]
 [ 12.6 294.8  12.8  12.2  13.6]
 [ 27.6   8.  144.8  36.    7.8]
 [  9.8  13.   46.2 324.4   4.2]
 [  7.4   6.4   3.    4.  210. ]]",0.8149229103127149,0.8141350652280976,0.8348597249454979,800
20,20,MLP Hybrid OLD,0.8165672630881378,"[[279.2  10.8  21.4  10.4   3.8]
 [ 11.  281.6  11.   11.    6.6]
 [ 36.   14.  149.6  38.4   9.2]
 [ 13.4   9.4  36.8 309.6   3. ]
 [ 11.2   8.2   5.    6.2 212.2]]",0.8106327047662842,0.8119754828741123,0.8234535877074423,840
21,21,MLP Hybrid OLD,0.8378488767869301,"[[291.   10.   27.4  10.2   6.4]
 [ 12.6 288.4  11.6  12.6  11.4]
 [ 20.6   6.4 138.   26.    6.6]
 [ 10.4   7.4  38.6 313.4   3.2]
 [  7.    4.8   2.2   2.8 200. ]]",0.8287558969872816,0.8267587828039089,0.8386778453432575,880
22,22,MLP Hybrid OLD,0.829111266620014,"[[279.   13.4  21.   10.8   8.8]
 [  6.8 266.6   4.6   6.    6.8]
 [ 33.   16.  153.6  44.8   7.6]
 [  8.    7.8  32.  290.2   2. ]
 [  6.2   5.2   1.4   2.  195.4]]",0.8262486587866039,0.8263034619068079,0.834984827319796,920
23,23,MLP Hybrid OLD,0.8408927285817136,"[[281.8  12.8  31.4  15.4  11. ]
 [  9.4 272.4   8.    8.4   8.4]
 [ 18.    4.2 131.6  26.8   2.8]
 [  8.6   5.   32.8 291.4   2.2]
 [  5.6   5.2   2.    3.  190.8]]",0.8332671158875582,0.8306879791910873,0.8426532708133498,960
24,24,MLP Hybrid OLD,0.8232765011119347,"[[2.644e+02 1.540e+01 3.140e+01 1.600e+01 1.180e+01]
 [7.600e+00 2.570e+02 3.400e+00 5.400e+00 8.800e+00]
 [3.100e+01 8.600e+00 1.330e+02 2.980e+01 8.200e+00]
 [9.200e+00 7.800e+00 3.320e+01 2.820e+02 3.800e+00]
 [3.200e+00 3.200e+00 2.000e-01 4.000e-01 1.742e+02]]",0.8179671726681846,0.8133178669201315,0.8388243283723931,1000
25,25,MLP Hybrid OLD,0.8394194041252865,"[[255.    8.2  19.8   9.6   5.2]
 [  7.2 251.6   5.6   6.8   7.2]
 [ 28.4   8.4 134.6  28.6   5.8]
 [  8.2   9.4  33.  278.4   1.8]
 [  6.8   5.    2.4   2.8 179.2]]",0.8338155225828942,0.8335332804321434,0.8402883662738849,1040
26,26,MLP Hybrid OLD,0.8267927501970055,"[[227.6   3.2  12.8   5.    2.2]
 [ 11.8 246.2   4.    6.6   6.6]
 [ 39.6   8.2 135.2  33.2   7. ]
 [ 13.2  12.2  36.4 266.2   4.6]
 [  5.6   4.4   2.    1.2 174. ]]",0.8237468213477328,0.8244874367310073,0.8406001618926565,1080
27,27,MLP Hybrid OLD,0.8288039056143205,"[[240.2   9.4  27.8  15.    6.4]
 [  9.8 236.4   7.4   7.    7.6]
 [ 18.    3.8 111.4  17.6   2.6]
 [ 14.6  10.6  37.  261.2   2.6]
 [  6.    4.4   1.8   1.  169.4]]",0.8225604454613282,0.8191625345713895,0.8423665824899151,1120
28,28,MLP Hybrid OLD,0.8306139613120269,"[[242.8   9.4  25.6  14.6   6. ]
 [  6.8 233.    6.2  10.4   7.8]
 [ 18.6   5.6 116.6  29.8   5. ]
 [  8.6   5.   27.8 232.6   1.4]
 [  5.    3.8   1.4   2.6 162.6]]",0.8241017511798624,0.8235493720878623,0.8368251618220779,1160
29,29,MLP Hybrid OLD,0.8424717145343777,"[[232.2   9.   22.8  12.2   4.8]
 [  7.6 220.2   5.6   5.4   6. ]
 [ 11.6   3.8 104.6  13.    2.2]
 [ 13.4   9.   34.2 249.2   2. ]
 [  7.8   6.    2.4   2.2 161.8]]",0.8343620493706284,0.8312032550586897,0.8491061468061799,1200
30,30,MLP Hybrid OLD,0.8461677186654644,"[[224.    4.8  16.6   6.    4.4]
 [  6.  217.2   4.2   3.8   7. ]
 [ 12.2   4.4  99.6  16.2   2.4]
 [ 16.    9.2  42.  245.6   5.4]
 [  4.6   4.2   0.6   0.6 152. ]]",0.8373154155401525,0.832757911193832,0.8584140657943811,1240
31,31,MLP Hybrid OLD,0.8492048643592142,"[[218.4   7.8  19.2   7.    5. ]
 [  4.2 205.6   3.6   4.4   5. ]
 [ 11.8   2.2  97.8  13.6   2.4]
 [ 10.6  10.2  34.4 234.8   1.4]
 [  7.4   6.2   1.6   3.2 151.2]]",0.8396024739299065,0.837380420166772,0.8520844886849921,1280
32,32,MLP Hybrid OLD,0.8472303206997085,"[[202.6   8.8  17.6   7.6   6.2]
 [  4.2 200.    3.2   3.    5. ]
 [ 19.2   4.4  98.6  14.4   3. ]
 [ 11.    7.   30.8 227.2   1. ]
 [  5.    4.4   0.6   0.8 143.4]]",0.8396221547575612,0.8384109785567816,0.8518584625862419,1320
33,33,MLP Hybrid OLD,0.8461071789686552,"[[200.6   8.2  23.4  10.2   4.6]
 [  4.  194.6   4.8   4.    5.8]
 [  7.    0.6  81.8   7.2   1.4]
 [ 14.2   7.   36.  221.6   2.4]
 [  5.4   4.6   0.8   0.6 138.2]]",0.8350091706132039,0.8288592836852484,0.8629524114865859,1360
34,34,MLP Hybrid OLD,0.8537407797681771,"[[192.8   8.2  17.    7.4   4.2]
 [  2.2 184.2   2.4   2.8   3.6]
 [ 12.8   6.   94.6  18.2   2.8]
 [  9.2   5.2  27.4 205.4   2.2]
 [  3.2   3.    0.6   0.4 133.2]]",0.8472212106668142,0.8453576985829174,0.8595943136327829,1400
35,35,MLP Hybrid OLD,0.8618261826182618,"[[183.    5.8  15.    7.    3.8]
 [  4.2 181.6   2.6   4.    4.8]
 [ 12.8   4.   93.8  16.2   2.6]
 [  7.2   5.   22.6 196.4   0.4]
 [  3.4   3.2   0.8   0.2 128.6]]",0.8553551282912194,0.8548749333689205,0.8613808832281388,1440
36,36,MLP Hybrid OLD,0.8559263521288838,"[[176.4   4.2  15.6   8.2   3.2]
 [  5.6 178.    7.2   9.    6.6]
 [  8.8   2.6  85.8  15.6   1.8]
 [  4.8   2.6  18.  181.4   0.4]
 [  4.8   3.2   2.4   0.6 122.2]]",0.8479221060439983,0.8477195433419737,0.8539116039194229,1480
37,37,MLP Hybrid OLD,0.8482509047044632,"[[166.    4.6  14.6   7.2   2.8]
 [  3.2 163.    2.2   2.6   3.2]
 [ 12.6   6.8  86.2  22.    5.8]
 [  7.6   3.2  20.  173.    1.2]
 [  2.6   3.4   0.    0.2 115. ]]",0.8445179089499725,0.8414413800503245,0.8611816171073503,1520
38,38,MLP Hybrid OLD,0.8560202788339671,"[[164.6   7.2  18.6  10.    5. ]
 [  2.6 157.4   2.6   3.6   4. ]
 [  7.4   3.4  78.   16.8   1.6]
 [  3.2   2.8  18.  164.    0.2]
 [  2.8   2.4   1.    0.4 111.4]]",0.8491442461624572,0.8486632905704911,0.8594838861268664,1560
39,39,MLP Hybrid OLD,0.8560747663551401,"[[145.6   3.4  11.2   4.8   2. ]
 [  4.4 155.6   3.2   3.4   3.6]
 [  9.2   3.6  78.4  20.4   3. ]
 [  8.2   1.2  19.4 155.8   0.4]
 [  3.4   1.8   0.8   0.4 105.8]]",0.8503950893320349,0.8501278393878572,0.8588065594817295,1600
40,40,MLP Hybrid OLD,0.8349788434414668,"[[137.2   4.4  14.8   7.6   4.8]
 [  2.  141.2   1.4   2.    2.6]
 [  5.6   1.6  58.8   7.    1.2]
 [ 10.8   6.2  30.8 158.2   2.6]
 [  6.8   2.2   1.8   0.8  96.6]]",0.8241670184710024,0.8215160065755095,0.8587132621027885,1640
41,41,MLP Hybrid OLD,0.8499252615844544,"[[136.6   6.6  14.    7.    4.4]
 [  1.2 128.2   1.    1.4   2. ]
 [  8.8   3.4  68.2  14.4   1.8]
 [  4.6   4.8  17.  143.8   1. ]
 [  3.6   2.    1.    0.4  91.8]]",0.8449074559395292,0.8432672455025146,0.8566601198753729,1680
42,42,MLP Hybrid OLD,0.8686804451510334,"[[125.4   3.2   9.8   4.4   2.6]
 [  2.2 125.2   1.8   2.2   2.2]
 [  7.2   3.   64.8   9.    1.4]
 [  4.8   3.2  18.  143.2   1.2]
 [  3.4   1.6   1.    0.4  87.8]]",0.8619479747773914,0.8606612603167235,0.8675931657009311,1720
43,43,MLP Hybrid OLD,0.869609507640068,"[[120.4   5.4  11.8   5.8   3.4]
 [  2.6 117.8   2.2   2.4   3.2]
 [  5.    1.4  61.8   9.2   1.4]
 [  2.6   2.   14.4 131.2   0.6]
 [  1.4   1.4   0.4   0.2  81. ]]",0.8637591186491601,0.8610254361378488,0.8724536976612626,1760
44,44,MLP Hybrid OLD,0.8528233151183973,"[[104.6   2.4   8.    3.    2.4]
 [  4.  113.6   2.2   3.4   3.6]
 [  8.8   2.4  56.4  12.    1.6]
 [  6.2   1.8  15.4 120.6   0.8]
 [  1.8   0.4   0.6   0.   73. ]]",0.8469151313175974,0.8460633776976918,0.8617670402507057,1800
45,45,MLP Hybrid OLD,0.8471512770137526,"[[ 95.6   2.2   5.2   2.4   2.4]
 [  3.6 105.    1.    2.2   3.4]
 [ 10.    2.4  51.6  11.4   3.4]
 [  4.4   3.   16.6 114.    2.4]
 [  1.4   0.2   0.2   0.   65. ]]",0.8399272845898921,0.8387379401831015,0.8577954924124438,1840
46,46,MLP Hybrid OLD,0.8635394456289978,"[[ 95.6   2.4  10.6   5.8   3.2]
 [  1.8  99.    1.2   1.8   2.4]
 [  3.    2.   41.    6.8   0.6]
 [  2.6   1.6  13.8 104.    0.4]
 [  1.6   0.8   1.2   0.4  65.4]]",0.852308895458193,0.8497510345144932,0.8695776354172347,1880
47,47,MLP Hybrid OLD,0.862937062937063,"[[85.   2.4  7.4  4.4  3.2]
 [ 1.6 88.   1.   1.4  2.8]
 [ 3.8  1.4 39.   3.8  1.2]
 [ 3.8  2.4 14.8 99.   1.4]
 [ 0.8  1.2  0.   0.  59.2]]",0.8530928023839696,0.8450953787032338,0.8718110849033364,1920
48,48,MLP Hybrid OLD,0.8586118251928021,"[[77.2  2.6  5.8  3.8  2.8]
 [ 1.4 79.2  0.4  0.8  2. ]
 [ 3.2  1.2 35.8  4.4  1.4]
 [ 4.2  2.4 14.4 90.   2.2]
 [ 1.   1.   0.   0.  51.8]]",0.8509287033776609,0.843082509183499,0.8690130038608757,1960
49,49,MLP Hybrid OLD,0.8613180515759312,"[[67.2  0.8  4.2  2.8  1.4]
 [ 1.4 71.4  1.2  1.   2. ]
 [ 3.2  1.2 32.2  2.6  1.4]
 [ 6.   3.4 13.  83.   1.8]
 [ 0.6  0.4  0.   0.  46.8]]",0.8541293090318011,0.8463636784954126,0.8736437396284541,2000
50,50,MLP Hybrid OLD,0.8737864077669902,"[[60.6  1.   4.2  2.8  1. ]
 [ 1.2 64.8  1.   0.6  1.4]
 [ 3.2  0.6 29.2  4.   1. ]
 [ 3.4  1.8 10.8 72.   0.2]
 [ 0.2  0.6  0.   0.  43.4]]",0.8662863260674172,0.8604893097080554,0.8840160527856875,2040
51,51,MLP Hybrid OLD,0.8684014869888476,"[[53.6  0.6  5.   3.2  1.2]
 [ 1.4 57.8  1.   1.2  1.2]
 [ 3.6  0.8 25.2  4.   0.4]
 [ 1.6  1.   7.4 60.6  0. ]
 [ 0.4  1.4  0.   0.  36.4]]",0.8586587736320593,0.8592063261942882,0.8726510578612434,2080
52,52,MLP Hybrid OLD,0.8768558951965065,"[[47.8  0.8  5.   3.2  0.8]
 [ 0.6 49.2  0.8  0.4  0.6]
 [ 1.   0.6 20.4  2.4  0.4]
 [ 2.2  0.8  7.  50.8  0.4]
 [ 0.2  0.8  0.2  0.  32.6]]",0.8657761767482078,0.8624492842279861,0.8861422194139393,2120
0,0,MLP Hybrid,0.5182330012992638,"[[148.6  18.8  27.8   9.   24. ]
 [ 43.8 284.4  15.6  11.   14. ]
 [ 45.6  12.   52.   20.    9. ]
 [237.8 162.4 228.6 516.6 115. ]
 [ 63.2  15.6  27.   12.2 195. ]]",0.4488659464245329,0.4917564124778186,0.6158734132501608,40
1,1,MLP Hybrid,0.6567650947553989,"[[323.4  30.8  61.4  17.4  23.8]
 [ 29.2 319.2  11.6   9.4  17.2]
 [ 46.2  17.6 100.   26.6   8.6]
 [ 85.4  96.6 136.6 487.2  41.2]
 [ 45.   20.8  35.8  17.6 260.4]]",0.624957019817896,0.6351447571103369,0.7076326791062785,80
2,2,MLP Hybrid,0.7227456258411845,"[[359.   32.2  53.8  23.2  19.2]
 [ 37.2 355.2  22.2  11.6  20.8]
 [ 44.8  13.2 132.6  20.2   8.6]
 [ 62.2  61.6 115.2 486.6  18.2]
 [ 19.8  12.6  13.8   7.6 277.6]]",0.7066884997877991,0.704298558217342,0.7450510900317762,120
3,3,MLP Hybrid,0.7638190954773869,"[[378.2  31.2  50.4  19.6  13.6]
 [ 37.4 374.   20.2  14.4  18.2]
 [ 46.6  17.8 161.2  25.6   6.6]
 [ 27.2  27.6  80.4 466.4   7.6]
 [ 24.   15.2  19.8  13.6 292.2]]",0.7461670709819735,0.7513871632203082,0.7689103859965313,160
4,4,MLP Hybrid,0.7616565844578874,"[[409.8  36.8  54.8  26.2  21.8]
 [ 22.4 358.   20.8   8.   26.6]
 [ 39.8  27.6 167.6  41.   24.4]
 [ 26.2  26.2  79.  451.    9.4]
 [  6.6   8.6   3.6   2.4 250.4]]",0.7452809854264417,0.7437117462286348,0.7849983297513528,200
5,5,MLP Hybrid,0.7794215267899478,"[[396.2  27.2  46.8  16.   14.6]
 [ 16.6 356.2  10.6   8.2   9.8]
 [ 39.8  19.2 160.4  40.2   9. ]
 [ 31.   35.6  92.8 449.4  11.2]
 [ 11.8  11.4   8.    5.4 281.6]]",0.7652187473828471,0.7658223304023238,0.7972868121567068,240
6,6,MLP Hybrid,0.8085065248912517,"[[391.6  18.6  35.   14.8   9. ]
 [ 22.6 383.   20.   14.2  15.8]
 [ 47.8  19.  193.8  51.6  11.6]
 [ 12.8  12.2  58.  423.2   2. ]
 [ 12.2   8.6   6.2   4.2 281.2]]",0.8011926628241699,0.8011194530376745,0.8068326434063009,280
7,7,MLP Hybrid,0.8059142434696895,"[[370.8  18.8  29.2  10.4   7.6]
 [  9.4 352.6   5.2   6.4   6.6]
 [ 66.4  28.6 209.8  56.2  14.8]
 [ 14.   19.6  54.6 419.    1.6]
 [ 16.6  12.4   7.4   8.  283. ]]",0.8013669191432164,0.8040050760452162,0.8077751419541743,320
8,8,MLP Hybrid,0.8122674710910005,"[[402.2  25.6  60.6  23.6  14.8]
 [ 11.8 366.4  15.6  12.2  13. ]
 [ 29.4  12.2 151.8  25.2   8. ]
 [ 14.8  10.6  67.8 427.6   2.4]
 [  7.8   8.    5.6   4.4 267.6]]",0.7954590893324235,0.7955336463801121,0.8192231551975933,360
9,9,MLP Hybrid,0.8096459722934839,"[[352.8  13.4  24.4   8.8   5.8]
 [ 23.4 362.4  19.8  10.4  13.8]
 [ 46.4  16.4 171.   35.8   9. ]
 [ 23.4  15.4  74.  426.6   3.2]
 [ 10.8   8.    5.2   3.6 265.2]]",0.7999686747139704,0.8002168282994532,0.8193202970091275,400
10,10,MLP Hybrid,0.8198009429020431,"[[381.6  27.6  49.6  22.2  16. ]
 [  8.2 352.8  10.2   7.6   8.6]
 [ 39.6  14.  173.4  40.4   9. ]
 [ 11.8   7.6  52.2 399.6   1. ]
 [  5.4   6.2   4.    2.8 257.6]]",0.8121166619121265,0.8097887221761806,0.8274602032981221,440
11,11,MLP Hybrid,0.8275013376136972,"[[362.4  14.   29.8  12.6   6.2]
 [  7.8 351.2   9.    7.6   6.6]
 [ 44.   12.6 175.8  43.4   8.2]
 [ 14.2  11.8  61.2 394.    1.4]
 [ 10.4   9.8   6.8   5.  263.2]]",0.8195099553396311,0.8210679506283027,0.8307203781141583,480
12,12,MLP Hybrid,0.8101694915254237,"[[318.    5.8  13.6   7.    2.8]
 [ 12.6 348.    7.4   8.6   7.6]
 [ 77.4  24.4 216.8  88.2  13. ]
 [  9.8   4.8  32.6 344.8   1. ]
 [ 12.6   7.6   4.2   6.2 254.2]]",0.8114272812573871,0.8184184257993777,0.8275151154046496,520
13,13,MLP Hybrid,0.8323085522638346,"[[342.4  11.6  26.4   8.8   5.2]
 [  7.8 332.6   5.8   4.4   6.6]
 [ 32.4   9.2 157.   20.8   5.2]
 [ 29.4  22.   75.  405.8   4.6]
 [  9.4   6.    4.2   5.2 251.2]]",0.8239395628258992,0.8203409721973772,0.8386694033440214,560
14,14,MLP Hybrid,0.8357918810748999,"[[356.4  18.4  42.6  18.6   8.4]
 [  7.4 330.6   7.4   7.    7.6]
 [ 29.    9.4 160.4  36.4   6. ]
 [ 10.2   9.6  47.6 369.4   1.2]
 [  6.8   6.2   3.4   4.  245. ]]",0.8271978609177862,0.8263711293539548,0.8387047607868157,600
15,15,MLP Hybrid,0.8428320655354009,"[[343.   12.2  34.2  14.4   5.6]
 [ 12.2 330.   11.2   7.    6. ]
 [ 23.6   6.4 151.   29.8   3.4]
 [ 13.2  10.   55.  369.2   1.8]
 [  8.8   6.4   3.2   4.2 247.2]]",0.8326205212093314,0.8319256429827081,0.8461882900198427,640
16,16,MLP Hybrid,0.8359496704613539,"[[330.6  11.4  32.4  11.    5.4]
 [ 13.8 315.8  13.    8.4   7.8]
 [ 19.2   5.6 131.2  13.6   2.8]
 [ 20.4  18.6  68.4 379.    3.4]
 [  7.    5.2   2.8   3.6 238.6]]",0.823383008369953,0.8199107660273537,0.8463957699220168,680
17,17,MLP Hybrid,0.8494782074892573,"[[326.2  12.6  28.   12.    5.2]
 [  8.  311.4   5.6   6.    4.2]
 [ 29.6   9.8 165.4  40.    5.8]
 [  8.8   8.2  41.4 344.8   0.8]
 [  8.    5.2   2.    4.  236. ]]",0.8436647968907588,0.8443643849777533,0.8462802814653969,720
18,18,MLP Hybrid,0.8511013215859032,"[[311.4   9.4  22.2   9.    4. ]
 [ 12.2 312.2   9.8   8.    6.6]
 [ 27.4   5.6 150.4  27.2   3.6]
 [ 11.2   8.   50.8 348.4   1.8]
 [  7.6   5.4   3.    3.8 230. ]]",0.8424718128958422,0.8420599848621564,0.8481720906102691,760
19,19,MLP Hybrid,0.8497094899935442,"[[306.4  10.2  22.2   9.4   4. ]
 [  6.  300.4   5.2   6.4   5.6]
 [ 30.2   9.2 152.2  34.8   4.4]
 [  9.2   7.   47.2 331.6   1.4]
 [  7.8   5.8   3.    3.8 225.6]]",0.8420876151204556,0.8429966688423199,0.8496580384226309,800
20,20,MLP Hybrid,0.8324718356527502,"[[291.4   6.8  20.8   7.    2.8]
 [  6.2 278.6   3.6   4.6   4. ]
 [ 22.8   7.4 143.8  38.2   3.6]
 [ 15.   20.4  48.2 320.    2. ]
 [ 15.4  10.8   7.4   5.8 222.4]]",0.8245505050615859,0.8268111822094297,0.8445138234642547,840
21,21,MLP Hybrid,0.8499659632402995,"[[299.4  11.   34.6  15.4   7.2]
 [  7.6 287.8   7.8   6.    5.8]
 [ 18.    5.4 131.6  21.    4.2]
 [  9.4   8.   42.4 320.8   1.4]
 [  7.2   4.8   1.4   1.8 209. ]]",0.8401331890392209,0.8372754324520189,0.8535642359454296,880
22,22,MLP Hybrid,0.8466060181945416,"[[279.4   6.2  19.4   7.8   4.6]
 [  5.2 278.6   4.    4.6   5. ]
 [ 29.2   7.8 151.2  41.2   5.4]
 [ 13.   11.2  36.4 297.2   2.2]
 [  6.2   5.2   1.6   3.  203.4]]",0.8426603106736984,0.8424336093538031,0.8512598018823129,920
23,23,MLP Hybrid,0.8465082793376529,"[[278.6   9.   24.2   8.8   4.8]
 [  3.  264.6   2.2   2.8   3.6]
 [ 18.4   6.2 123.4  21.4   3.6]
 [ 15.6  13.8  54.2 309.8   3.8]
 [  7.8   6.    1.8   2.2 199.4]]",0.8366995675198886,0.8343025906179479,0.8549800082893931,960
24,24,MLP Hybrid,0.8526315789473685,"[[260.    6.2  16.6   7.2   4.4]
 [ 11.2 269.6   4.4   6.8   6.6]
 [ 27.4   6.  139.2  25.6   5. ]
 [ 11.4   6.6  40.6 292.8   2.2]
 [  5.4   3.6   0.4   1.2 188.6]]",0.8468766898881446,0.8461835939020161,0.8533331972331089,1000
25,25,MLP Hybrid,0.8473644003055767,"[[263.8   7.2  26.   12.8   5.8]
 [  7.6 262.    4.8   7.    5.6]
 [ 23.8   5.6 134.8  39.8   3.2]
 [  3.8   3.6  28.2 264.8   0.8]
 [  6.6   4.2   1.6   1.8 183.8]]",0.8419308513328344,0.8435499015628334,0.8472148501416701,1040
26,26,MLP Hybrid,0.8595744680851063,"[[258.8   5.8  21.    9.6   4.2]
 [  6.6 254.2   5.    6.    5.6]
 [ 18.8   4.  127.6  25.2   4. ]
 [  8.    6.2  36.  270.6   1. ]
 [  5.6   4.    0.8   0.8 179.6]]",0.8529408448574645,0.852142482992136,0.8601364176692421,1080
27,27,MLP Hybrid,0.8595606183889342,"[[252.    6.6  24.6  10.2   4.4]
 [  4.8 242.6   4.4   5.6   4.6]
 [ 16.    4.8 121.4  20.2   2.8]
 [  8.2   5.6  34.  264.6   1. ]
 [  7.6   5.    1.    1.2 175.8]]",0.8521102933745948,0.8511764551251851,0.8585531704545343,1120
28,28,MLP Hybrid,0.8573591253153909,"[[239.2   5.8  18.    7.6   2.6]
 [  3.2 234.2   3.    3.2   4. ]
 [ 23.4   6.  121.2  23.8   4.6]
 [  9.8   7.2  35.  254.6   1.4]
 [  6.2   3.6   0.4   0.8 170.2]]",0.8518385302652737,0.8509505674576161,0.8590727613768815,1160
29,29,MLP Hybrid,0.8570931244560487,"[[233.6   6.2  17.4   7.6   3.4]
 [  5.6 225.8   3.8   4.    4.4]
 [ 19.8   5.  114.   21.2   4.6]
 [  9.    6.6  33.2 248.2   1.2]
 [  4.6   4.4   1.2   1.  163.2]]",0.8501655459700741,0.8491507611574048,0.8575295979961732,1200
30,30,MLP Hybrid,0.8613165013525699,"[[225.    5.4  18.4   7.4   3. ]
 [  6.2 222.6   3.2   3.8   6.6]
 [ 15.    2.8 102.   11.8   3.2]
 [ 11.8   5.8  38.8 248.4   1.2]
 [  4.8   3.2   0.6   0.8 157.2]]",0.8519039098229925,0.8485672223471459,0.8638691445259038,1240
31,31,MLP Hybrid,0.8626753975678205,"[[218.4   4.2  16.6   6.8   2.6]
 [  3.6 212.6   3.    2.6   5.2]
 [ 16.2   3.6 102.2  16.6   3.8]
 [  9.2   8.   34.  236.6   1. ]
 [  5.    3.6   0.8   0.4 152.4]]",0.854138467726588,0.8511153765064261,0.865168792688001,1280
32,32,MLP Hybrid,0.8600583090379008,"[[215.2   4.8  19.2   9.6   3.6]
 [  3.2 209.    4.    3.4   4.8]
 [ 13.2   4.2 101.2  24.6   3.8]
 [  6.4   3.2  25.8 214.6   1.4]
 [  4.    3.4   0.6   0.8 145. ]]",0.8517000705471276,0.8505236400793532,0.8610794706465403,1320
33,33,MLP Hybrid,0.8580384226491404,"[[2.022e+02 7.200e+00 1.840e+01 8.800e+00 2.800e+00]
 [4.200e+00 1.980e+02 4.000e+00 3.200e+00 4.400e+00]
 [1.400e+01 2.400e+00 9.540e+01 1.980e+01 2.800e+00]
 [5.400e+00 4.200e+00 2.740e+01 2.108e+02 2.000e-01]
 [5.400e+00 3.200e+00 1.600e+00 1.000e+00 1.422e+02]]",0.8496407786381841,0.8478463368172392,0.8631944425620744,1360
34,34,MLP Hybrid,0.8644889357218124,"[[192.8   5.4  16.2   6.6   3.6]
 [  3.6 190.    1.8   2.8   3.8]
 [ 12.4   3.8  98.2  19.4   3. ]
 [  7.4   5.   25.2 204.6   0.8]
 [  4.    2.4   0.6   0.8 134.8]]",0.8586208274086772,0.8573865728544947,0.8629160220081278,1400
35,35,MLP Hybrid,0.8664466446644665,"[[188.4   5.8  19.    8.2   3.2]
 [  2.8 185.4   3.4   3.    4.4]
 [  9.    2.2  84.8  12.8   2. ]
 [  6.8   3.8  26.6 199.2   0.8]
 [  3.6   2.4   1.    0.6 129.8]]",0.8564125819295881,0.8539103758024706,0.8663062920984352,1440
36,36,MLP Hybrid,0.8683544303797468,"[[176.2   5.   14.6   5.4   2.4]
 [  2.4 173.6   2.4   2.4   3. ]
 [ 10.2   2.8  85.   11.8   2.4]
 [  7.6   5.6  26.  194.    0.6]
 [  4.    3.6   1.    1.2 125.8]]",0.8599710576768829,0.8585693518120088,0.8656625715524879,1480
37,37,MLP Hybrid,0.8685162846803378,"[[170.    5.8  16.    8.2   3.2]
 [  2.8 168.    2.6   2.6   3. ]
 [  9.8   2.6  80.8  11.4   2. ]
 [  6.2   2.8  23.4 181.8   0.4]
 [  3.2   1.8   0.2   1.  119.4]]",0.8612839341225964,0.8588922015407915,0.8727091908338649,1520
38,38,MLP Hybrid,0.8686945500633714,"[[157.2   3.   13.    4.6   2.4]
 [  4.  162.    3.4   3.4   3.8]
 [  9.8   1.4  75.4   8.6   2.4]
 [  6.2   4.4  26.2 177.6   0.4]
 [  3.4   2.4   0.2   0.6 113.2]]",0.8595367950302043,0.8575608660421729,0.8694451773414225,1560
39,39,MLP Hybrid,0.865954606141522,"[[149.2   3.4  13.4   5.8   2.2]
 [  2.8 154.4   1.4   1.8   2.8]
 [ 10.4   1.8  70.4   9.    2.2]
 [  5.2   4.4  27.6 168.    1. ]
 [  3.2   1.6   0.2   0.2 106.6]]",0.8567232750488707,0.8542998568795251,0.8703267498004962,1600
40,40,MLP Hybrid,0.8592383638928067,"[[142.    4.   15.2   4.6   3.2]
 [  1.8 143.6   1.4   1.4   2.2]
 [  8.4   2.   67.2  11.8   2.4]
 [  7.8   4.6  23.8 157.6   1.2]
 [  2.4   1.4   0.    0.2  98.8]]",0.8511594718459513,0.8472664097129959,0.8662394512720966,1640
41,41,MLP Hybrid,0.8732436472346787,"[[140.4   4.8  13.2   5.8   2.6]
 [  2.2 135.    1.8   1.8   2. ]
 [  5.8   1.6  64.2   8.2   1.8]
 [  4.2   2.4  21.6 150.8   0.8]
 [  2.2   1.2   0.4   0.4  93.8]]",0.8644989585023766,0.8594779418527473,0.8799782550688388,1680
42,42,MLP Hybrid,0.8686804451510334,"[[128.2   4.2  11.4   5.8   1.6]
 [  2.  126.8   2.    2.    2.4]
 [  7.2   1.8  64.8  13.    1.8]
 [  2.8   1.8  17.  137.6   0.4]
 [  2.8   1.6   0.2   0.8  89. ]]",0.8619878350165153,0.8618260925959355,0.8647813856843882,1720
43,43,MLP Hybrid,0.861460101867572,"[[115.    2.4  11.8   5.6   1.8]
 [  3.  120.8   2.6   2.6   2.2]
 [  8.2   2.   57.4   9.6   2. ]
 [  3.6   1.8  18.4 130.8   0.2]
 [  2.2   1.    0.4   0.2  83.4]]",0.8535953968160372,0.8528999388423376,0.8614134788300063,1760
44,44,MLP Hybrid,0.867030965391621,"[[110.    1.4   7.6   3.6   2. ]
 [  2.2 113.4   1.6   2.    2. ]
 [  6.4   2.   53.2   9.    1.6]
 [  4.8   3.2  20.2 124.4   0.8]
 [  2.    0.6   0.    0.   75. ]]",0.8596822903718158,0.8570430517984995,0.8703265692915625,1800
45,45,MLP Hybrid,0.868369351669941,"[[100.8   1.4   7.    2.8   1.6]
 [  1.8 105.8   1.4   1.6   2.2]
 [  7.4   2.2  52.2  12.8   1.8]
 [  3.    2.6  14.  112.8   0.6]
 [  2.    0.8   0.    0.   70.4]]",0.8608115924717087,0.8598579669358957,0.8679951066810642,1840
46,46,MLP Hybrid,0.8797441364605545,"[[ 96.2   3.    7.6   4.    2. ]
 [  1.2  99.6   1.4   1.6   2. ]
 [  4.    1.2  43.6   6.    1.2]
 [  2.4   1.2  15.  107.2   0.8]
 [  0.8   0.8   0.2   0.   66. ]]",0.8694738609527379,0.8637592144314399,0.8806445841389019,1880
47,47,MLP Hybrid,0.8662004662004662,"[[82.4  1.8  6.8  3.4  1.6]
 [ 1.8 90.4  1.2  1.4  1.6]
 [ 5.6  1.4 39.4  7.   1.6]
 [ 3.2  1.2 14.4 96.8  0.4]
 [ 2.   0.6  0.4  0.  62.6]]",0.8556013303401182,0.8543607947990454,0.8683292911996014,1920
48,48,MLP Hybrid,0.8580976863753212,"[[74.4  1.4  4.4  3.4  1. ]
 [ 1.4 81.6  1.4  1.2  1.6]
 [ 8.4  1.6 42.4 14.6  2. ]
 [ 1.2  1.   7.8 79.8  0. ]
 [ 1.6  0.8  0.4  0.  55.6]]",0.8535913448904111,0.857623133616384,0.8589902178750275,1960
49,49,MLP Hybrid,0.873352435530086,"[[71.   1.4  6.2  3.2  1.6]
 [ 1.2 72.4  1.2  1.   1.6]
 [ 2.8  0.8 30.2  3.   0.6]
 [ 2.6  1.6 12.8 82.   0.4]
 [ 0.8  1.   0.2  0.2 49.2]]",0.8614424148946856,0.8571299243349341,0.8764452095179462,2000
50,50,MLP Hybrid,0.8776699029126214,"[[61.6  0.4  5.8  3.   0.6]
 [ 1.2 65.8  0.6  0.6  1. ]
 [ 3.   1.  30.2  6.2  1.2]
 [ 2.2  1.2  8.6 69.6  0.2]
 [ 0.6  0.4  0.   0.  44. ]]",0.8699899687243574,0.8676422573110539,0.8754663641642221,2040
51,51,MLP Hybrid,0.8795539033457249,"[[55.2  0.6  4.4  2.4  0.6]
 [ 0.8 58.4  1.   1.   1.2]
 [ 2.4  0.6 24.6  3.6  0.4]
 [ 1.8  1.4  8.6 61.8  0.4]
 [ 0.4  0.6  0.   0.2 36.6]]",0.8701532670766563,0.8675389280002992,0.882820493292923,2080
52,52,MLP Hybrid,0.8742358078602621,"[[46.4  0.6  3.   2.8  0.2]
 [ 1.2 49.4  0.4  0.2  0.8]
 [ 3.   1.  24.4  6.4  0.8]
 [ 1.   0.8  5.6 47.4  0.4]
 [ 0.2  0.4  0.   0.  32.6]]",0.8685819736966701,0.8715051741218428,0.8742659338133182,2120
